Rank,Year,Genre,Score
1,1942,blue-eyed soul,39.903
2,1955,,36.503
3,1998,,35.405
4,1990,,35.135
5,1968,,34.442
6,1991,,34.367
7,1992,country rock,34.111999999999995
8,1980,,32.02
9,1983,,31.305
10,1997,,31.054000000000002
11,1965,,31.054000000000002
12,1995,,30.822
13,2002,,30.554000000000002
14,1998,hard rock,30.065
15,2004,,29.535
16,1970,,29.443
17,1967,,29.428
18,1978,,29.346999999999998
19,2008,british pop,29.316
20,1983,,28.976
21,1981,,28.919
22,2007,pop punk,28.653000000000002
23,1971,,27.598000000000003
24,1976,,27.581999999999997
25,1997,,27.543000000000003
26,1999,,27.487
27,1964,,27.47
28,1983,,27.395
29,1959,,27.33
30,1978,,26.79
31,1985,,26.680999999999997
32,1997,,26.574
33,1990,,26.504
34,1996,,26.329
35,1964,,26.309
36,2002,,26.225
37,1978,,25.951
38,1984,,25.939
39,1984,instrumental pop,25.89
40,1971,,25.732
41,1982,,25.708000000000002
42,1996,dance pop,25.686999999999998
43,1960,,25.656999999999996
44,1993,,25.587
45,2003,,25.543000000000003
46,1976,,25.468000000000004
47,1980,,25.365
48,2008,,25.365
49,1939,easy listening,25.291
50,1960,,25.254
51,1997,alternative dance,25.142
52,2006,,25.09
53,2003,,25.013
54,2001,,24.965
55,2003,,24.945
56,1973,,24.601999999999997
57,1970,,24.345
58,1949,,24.324
59,2009,dance pop,24.27
60,1994,,24.201999999999998
61,1974,,24.144000000000002
62,2006,,24.061999999999998
63,2005,,23.935
64,1957,,23.826999999999998
65,1965,,23.82
66,1982,,23.739
67,1999,,23.729
68,1967,,23.629
69,2002,,23.62
70,2011,,23.373
71,1966,,23.348000000000003
72,1994,,23.234
73,1965,,23.199
74,1994,,23.163
75,1940,,23.153000000000002
76,1999,,23.068
77,1956,,23.058000000000003
78,2008,,23.053
79,1950,western swing,23.002
80,1974,,23.0
81,1983,,22.967
82,1998,,22.96
83,1979,,22.929000000000002
84,1992,,22.898000000000003
85,1996,dance pop,22.861
86,1973,,22.858
87,2007,,22.615
88,1970,,22.535
89,1977,,22.531999999999996
90,1944,,22.468000000000004
91,1967,,22.448
92,1960,,22.42
93,2002,,22.401
94,1964,,22.398000000000003
95,2003,,22.139
96,2009,,22.125999999999998
97,1980,,22.094
98,1982,,22.065
99,1998,,22.026
100,1989,,21.991999999999997
101,2007,,21.963
102,1984,,21.901999999999997
103,1965,bossa nova,21.879
104,2005,,21.864
105,1978,,21.854
106,1980,,21.735
107,2000,,21.688000000000002
108,2002,,21.636999999999997
109,1969,,21.613000000000003
110,2001,,21.557
111,1985,,21.526999999999997
112,2002,,21.48
113,1969,cantonese pop,21.430999999999997
114,1999,,21.397
115,1993,roots reggae,21.344
116,2007,bass music,21.261
117,2003,,21.261
118,1995,,21.14
119,1967,,21.084
120,1976,bossa nova,21.072
121,1997,,21.011999999999997
122,2006,blues-rock,20.983
123,1980,new jack swing,20.956
124,1987,,20.901999999999997
125,1976,,20.883000000000003
126,1993,,20.874000000000002
127,1978,,20.873
128,1991,,20.863000000000003
129,1970,,20.863000000000003
130,1979,,20.857
131,1999,,20.818
132,1966,,20.799
133,1962,country,20.776999999999997
134,1993,,20.750999999999998
135,1961,,20.744
136,1960,,20.739
137,2011,,20.721999999999998
138,2005,,20.719
139,1972,,20.701999999999998
140,1961,hard rock,20.684
141,1994,,20.622
142,2008,,20.607
143,1989,,20.584
144,1982,,20.497
145,2008,,20.459
146,1999,,20.448
147,1965,,20.447
148,1983,,20.326
149,1982,,20.294
150,1987,dance pop,20.285
151,1990,,20.269000000000002
152,1958,folk-pop,20.203
153,1944,,20.052
154,1986,teen pop,20.034000000000002
155,2006,bachata,20.027
156,1992,,19.917
157,2000,,19.889
158,1948,,19.851
159,2007,,19.834
160,1974,,19.799
161,1979,,19.727
162,1994,,19.660999999999998
163,1974,,19.544
164,1953,,19.525
165,1990,,19.487000000000002
166,1950,,19.48
167,1976,chanson,19.47
168,1997,,19.448
169,2002,,19.432000000000002
170,1967,,19.365
171,2010,,19.352999999999998
172,2011,,19.322
173,1954,,19.317999999999998
174,1981,,19.308
175,1994,,19.291
176,2008,,19.271
177,1995,,19.25
178,1990,,19.235
179,2012,,19.226
180,1981,,19.173
181,1980,,19.117
182,1951,,19.108
183,1999,,19.096
184,1996,,19.083
185,1986,,19.049
186,2011,,19.047
187,1966,,19.003
188,1967,,19.002
189,1986,,19.002
190,1964,,18.968
191,2004,,18.941
192,1984,,18.927
193,2002,,18.895
194,1955,,18.843
195,1968,country rock,18.84
196,1964,,18.837
197,1952,,18.837
198,1966,,18.833
199,1971,,18.807000000000002
200,1984,,18.807000000000002
201,1984,,18.791
202,1969,,18.788
203,1995,,18.785
205,2008,,18.641
206,1995,,18.631
207,1990,,18.611
208,1979,,18.607
209,1964,,18.581
210,1987,doo-wop,18.546
211,1954,,18.533
212,1971,,18.500999999999998
213,1988,,18.476
214,1969,,18.463
215,1995,,18.463
216,1987,hard house,18.455
217,1985,,18.45
218,1956,,18.448
219,2007,,18.439
220,1969,,18.423
221,1973,,18.41
222,1986,dance pop,18.398
223,1996,,18.373
224,2003,glam metal,18.372
225,1992,,18.351
226,1973,,18.304000000000002
227,1997,,18.295
228,2003,,18.276
229,1981,,18.254
230,1983,,18.247
231,1982,,18.223
232,1994,,18.203
233,2005,melbourne,18.195
234,1995,,18.187
235,1999,,18.172
236,1996,progressive house,18.167
237,1998,,18.137
238,1943,country blues,18.093
239,1988,,18.052
240,1978,,18.03
241,2001,,18.018
242,2004,,18.002
243,1995,,17.973
244,1950,,17.91
245,1984,vocal house,17.858
246,2009,,17.847
247,1956,texas blues,17.84
248,1998,,17.789
249,2003,hip hop,17.777
250,1997,,17.766
251,1956,classic country,17.709
252,2002,,17.674
253,1958,,17.67
254,2007,smooth jazz,17.632
255,1979,,17.619
256,1986,,17.615
257,1986,,17.58
258,2005,,17.555999999999997
259,2005,,17.539
260,1993,,17.509
261,1993,,17.495
262,1980,,17.480999999999998
263,2012,,17.47
264,1982,,17.428
265,2006,,17.424
266,1979,,17.42
267,1993,,17.419
268,1987,,17.402
269,2007,,17.375
270,1995,,17.371
271,1994,neoclassical,17.371
272,1993,,17.369
273,1962,,17.367
274,1985,,17.367
275,1983,,17.336
276,1984,,17.323
277,1954,,17.31
278,2005,,17.287
279,1966,,17.238
280,1987,,17.236
281,1990,,17.195
282,2000,,17.191
283,1959,,17.102
284,1985,,17.069000000000003
285,1992,,17.051
286,1966,,17.033
288,1982,,16.988
289,1994,,16.868
290,1994,,16.865
291,1968,,16.862000000000002
292,1983,,16.839000000000002
293,1981,,16.784000000000002
294,2001,,16.765
295,2001,,16.758
296,1950,,16.717
297,1982,,16.688
298,2010,,16.663
299,1960,,16.659000000000002
300,1999,,16.642
301,2009,,16.637999999999998
302,2000,,16.598
303,2011,,16.597
304,2000,,16.476
305,1977,,16.47
306,1983,,16.445999999999998
307,2003,,16.445999999999998
308,1945,big band,16.44
309,1965,,16.42
310,1978,,16.406
311,2011,,16.404
312,1957,nu jazz,16.347
313,1965,,16.319000000000003
314,1998,,16.312
315,1991,,16.295
316,1993,,16.285999999999998
317,1967,,16.28
318,1945,,16.279
319,1987,lullaby,16.269000000000002
320,1991,dubstep,16.258
321,1975,,16.254
322,1996,,16.253
323,1998,,16.252
324,2001,blues-rock,16.22
325,2007,,16.215
326,1968,,16.211
327,1965,,16.177
328,1956,,16.15
329,1992,,16.142
330,1975,dance pop,16.122
331,2001,,16.11
332,1978,,16.089000000000002
333,1966,,16.055
334,1960,,16.05
335,2010,,16.049
336,2011,,16.021
337,1979,,15.998
338,1943,doo-wop,15.981
339,1969,,15.970999999999998
340,1979,,15.964
341,1973,,15.925
342,2009,,15.922
343,1967,,15.921
344,2005,,15.915999999999999
345,1981,blues-rock,15.86
346,1987,,15.849
347,1984,,15.812000000000001
348,1995,,15.8
349,2005,musette,15.793
350,1983,,15.790999999999999
351,1961,,15.784
352,1949,,15.779000000000002
353,1996,,15.769
354,1962,,15.767999999999999
355,1980,,15.762
356,2010,,15.76
357,2010,,15.759
358,1983,,15.751
359,1988,lullaby,15.738
360,2007,,15.704
361,1964,northern soul,15.698
362,1995,,15.697000000000001
363,1962,,15.671
364,1970,,15.669
365,1994,,15.665999999999999
366,1951,,15.659
367,1977,,15.655
368,1977,,15.637
369,1999,,15.634
370,1984,,15.63
371,1966,,15.624
372,1957,,15.617
373,2005,,15.607000000000001
374,2004,,15.602
375,1995,,15.593
376,1951,teen pop,15.587
377,1961,,15.584000000000001
378,1998,,15.573
379,1957,,15.561
380,1957,,15.549000000000001
381,1988,heavy metal,15.548
382,2009,,15.542
383,1959,,15.525
384,1975,,15.524000000000001
385,1979,,15.509
386,1979,,15.482999999999999
387,2010,,15.464
388,2008,,15.463
389,2005,,15.454
390,1991,,15.434000000000001
391,1992,,15.425
392,1979,,15.418
393,1996,,15.413
394,1984,eurodance,15.404000000000002
395,1959,,15.4
396,1987,,15.359000000000002
397,2001,,15.357000000000001
398,1973,,15.353
399,2009,,15.350999999999999
400,2007,,15.331
401,1981,,15.329
402,1946,,15.312999999999999
403,2002,,15.298
404,1920,,15.297
405,1952,,15.292
406,2008,,15.289000000000001
408,1986,,15.285
409,2011,,15.274000000000001
410,1969,,15.255
411,1950,,15.241
412,1989,,15.202
413,1982,,15.187000000000001
414,1999,,15.161
415,1980,,15.159
416,1969,,15.147
417,1989,,15.136
418,1970,,15.106
419,1979,,15.097000000000001
420,1972,hard trance,15.065999999999999
421,1989,,15.055
422,2000,,15.047
423,1975,,15.023
424,1988,,14.964
425,1955,,14.946
426,1995,,14.945
427,1967,,14.934000000000001
428,1948,,14.914000000000001
429,1981,happy hardcore,14.895999999999999
430,1955,,14.895999999999999
431,1978,,14.886
432,1970,,14.883
433,1974,,14.876
434,1998,,14.857999999999999
435,1976,,14.855
436,1985,,14.850999999999999
437,1943,,14.85
438,1990,,14.85
439,1989,,14.833
440,1957,,14.828
441,1971,,14.81
442,2006,,14.786
443,1948,dance pop,14.779000000000002
444,2008,,14.767999999999999
445,1963,,14.732999999999999
446,1963,rockabilly,14.729000000000001
447,1963,,14.72
448,1976,,14.716
449,1971,country gospel,14.698
450,1980,,14.679
452,1968,,14.667
453,1992,,14.665999999999999
454,1969,,14.623
455,1953,,14.582
456,1967,,14.565
457,1969,,14.548
458,1983,,14.54
459,1964,,14.537
460,1956,,14.534
461,1960,,14.533
462,1972,,14.51
463,2001,,14.505999999999998
464,2006,,14.482999999999999
465,1989,,14.475
466,1954,,14.474
467,1987,,14.472000000000001
468,1971,,14.450999999999999
469,1991,meditation,14.439
470,1967,,14.435
471,1991,,14.435
472,1952,,14.432
473,1969,,14.429
474,1995,,14.425
475,1939,chill-out,14.42
476,1994,,14.409
477,1970,,14.394
478,2008,,14.39
479,1997,,14.360999999999999
480,1968,gangster rap,14.34
481,2004,,14.34
482,1982,,14.339
483,1982,,14.325999999999999
484,1982,,14.311
485,1971,,14.282
486,1970,celtic,14.277999999999999
487,1968,,14.277000000000001
488,2011,,14.27
489,1993,,14.258
490,1996,free music,14.232000000000001
491,1990,,14.214
492,1990,,14.210999999999999
493,2008,,14.21
494,1963,,14.199000000000002
495,1972,,14.173
496,2005,,14.161
497,1963,,14.158
498,1968,,14.152000000000001
499,1985,,14.152000000000001
500,1947,instrumental pop,14.148
501,1962,,14.123
503,1978,,14.117
504,1941,,14.11
505,1990,,14.106
506,1971,,14.103
507,1979,,14.081
508,1951,,14.081
509,1953,,14.057
510,1980,,14.052
511,1970,,14.029000000000002
512,1978,,13.997
513,2006,,13.991
514,1986,,13.982000000000001
515,1967,,13.968
516,1988,,13.960999999999999
517,2008,,13.955
518,1976,,13.929
519,2003,,13.919
520,1973,,13.889000000000001
521,2006,,13.884
522,2004,,13.873
523,1974,easy listening,13.862
524,2013,,13.860999999999999
525,1975,,13.86
526,1991,,13.852
527,1984,pop punk,13.844000000000001
529,1984,,13.827
530,1994,,13.814
531,1965,,13.788
532,2001,,13.780999999999999
533,2007,,13.77
534,1978,,13.76
535,1956,,13.752
536,1958,,13.732999999999999
537,1976,,13.695
538,2007,,13.687000000000001
539,1996,,13.664000000000001
540,1988,,13.662
541,2007,,13.659
542,1993,,13.645999999999999
543,1978,,13.642999999999999
544,1966,,13.629000000000001
545,1996,rock,13.597999999999999
546,1966,,13.597000000000001
547,1973,,13.595999999999998
548,1998,,13.593
549,2000,,13.591
550,1990,,13.585999999999999
551,1989,,13.585
552,1994,,13.56
553,1972,,13.542
554,1995,,13.513
555,1998,,13.492
556,1989,,13.487
557,1989,,13.481
558,1969,,13.48
560,1958,,13.464
561,1977,,13.460999999999999
562,1976,,13.459000000000001
563,1997,,13.437999999999999
564,1998,,13.437000000000001
565,1992,,13.43
566,2008,,13.413
567,1958,ccm,13.412
568,1992,,13.41
569,1962,pop rock,13.405999999999999
570,2004,,13.405999999999999
571,1954,,13.395
572,2004,dance rock,13.388
573,1998,,13.356
574,1976,,13.347999999999999
575,1978,,13.347999999999999
576,2010,,13.347000000000001
577,2003,,13.34
578,2001,,13.339
579,1986,,13.312000000000001
582,2002,,13.290999999999999
583,1997,,13.264000000000001
584,1981,,13.248
585,1985,,13.231
586,1975,,13.22
587,1999,,13.204
588,1987,,13.182
589,1986,,13.18
590,2001,,13.171
591,1969,,13.165
592,2006,,13.155
594,1990,,13.151
595,1992,,13.142000000000001
596,1975,,13.137
597,2005,,13.13
598,1973,hip hop,13.124
599,2000,,13.124
600,2007,hip hop,13.109000000000002
601,1954,,13.107999999999999
602,1985,,13.097000000000001
603,1968,glam rock,13.097000000000001
604,1998,hip hop,13.09
605,1970,,13.085
606,1942,,13.073
607,1991,,13.07
608,1988,,13.054
609,1970,,13.049000000000001
610,1972,,13.04
611,1969,,13.038
612,1996,,13.037
613,1984,,13.033
614,1985,,13.030999999999999
615,1971,rock 'n roll,13.029000000000002
616,1985,,13.01
617,1990,,12.993
618,1977,,12.989
619,1974,,12.979000000000001
620,2005,,12.977
621,1984,,12.974
622,1986,,12.955
623,1958,,12.947000000000001
624,1985,,12.940999999999999
625,1960,,12.934000000000001
626,2010,,12.93
627,1977,,12.925
628,2005,,12.924000000000001
629,1968,,12.909
630,1990,,12.902999999999999
631,1957,,12.898
632,1967,,12.895999999999999
633,1997,,12.892999999999999
634,1959,,12.892999999999999
635,1985,,12.890999999999998
636,1962,,12.886
637,2007,,12.883
638,1996,,12.882
639,1976,,12.868
640,1959,,12.868
641,1938,,12.866
642,1983,,12.845999999999998
643,1972,,12.843
644,2007,,12.841
645,1977,,12.837
646,1979,,12.834000000000001
647,1961,ccm,12.828
648,1992,,12.827
649,1948,,12.817
650,1986,,12.814
651,1978,,12.809000000000001
652,1968,,12.807
653,1958,,12.797
654,2006,irish folk,12.793
655,1998,,12.788
656,1961,,12.77
657,1998,,12.76
658,1966,,12.759
659,1993,,12.755
660,1977,,12.754000000000001
661,1988,,12.741
662,2002,,12.718
663,2009,hip hop,12.715
664,1956,,12.709000000000001
665,1997,,12.708
666,2012,,12.689
667,1965,,12.687999999999999
669,1974,,12.675999999999998
670,2010,,12.667
671,1940,,12.661
672,1942,,12.652999999999999
673,1994,,12.642999999999999
674,2001,,12.642999999999999
675,1998,,12.64
676,2000,,12.633
677,1988,,12.628
678,1942,,12.613
679,2007,,12.607000000000001
680,1958,ska punk,12.603
681,1966,,12.59
682,1958,,12.582
683,1976,,12.581
684,2004,,12.565
685,2000,,12.559000000000001
686,1973,,12.557
687,1965,,12.545
688,2004,pop,12.545
689,1975,,12.524000000000001
690,1967,,12.519
691,1969,,12.515999999999998
692,1988,soft rock,12.503
693,1979,,12.503
694,1970,,12.499
695,2000,,12.499
696,1964,,12.491
697,1952,,12.484000000000002
698,1936,vocal,12.477
699,1981,,12.459000000000001
701,1984,vocal jazz,12.455
702,1991,,12.45
703,1985,,12.445
704,1977,,12.442
705,1949,,12.442
706,1986,,12.433
707,1989,,12.431
708,1945,,12.431
709,2012,,12.429
710,1977,,12.425999999999998
711,2001,,12.421
712,1976,,12.414000000000001
713,1994,,12.408
714,1989,,12.394
715,2004,,12.385
716,2006,,12.384
717,1968,,12.379000000000001
718,1981,,12.372
719,1955,,12.357999999999999
720,1988,,12.350999999999999
721,2001,,12.335
722,1979,,12.335
723,1976,,12.331
724,1988,,12.325
725,1958,,12.317
726,1946,,12.312000000000001
727,1980,,12.309000000000001
728,1961,,12.307
729,1996,,12.304
730,1972,,12.302
731,1983,,12.3
732,1981,,12.286
733,1948,,12.284
734,1953,,12.283
735,2005,,12.28
736,1997,,12.265
737,1974,,12.263
738,2001,,12.263
739,1953,,12.254000000000001
740,1944,,12.25
741,1979,,12.234000000000002
742,2002,,12.232000000000001
743,1975,hard trance,12.228
744,2005,,12.225999999999999
745,1944,chill-out,12.218
746,1965,,12.215
747,2006,,12.214
748,1987,,12.213
749,2004,,12.209000000000001
750,1990,,12.209000000000001
751,1975,,12.208
752,1998,,12.198
753,2004,,12.197000000000001
754,2008,,12.197000000000001
755,1988,,12.196
756,2006,pop rap,12.192
757,1994,,12.190999999999999
758,2008,,12.174000000000001
759,1979,,12.16
760,1940,,12.157
761,1993,,12.140999999999998
762,1979,,12.139000000000001
763,1936,,12.135
764,1996,,12.124
765,1959,trip hop,12.106
766,1997,,12.104000000000001
767,1977,,12.100999999999999
768,1957,,12.099
769,1975,,12.097000000000001
770,1975,rap,12.093
771,1985,,12.087
772,2001,,12.082
773,1977,,12.082
774,2006,,12.069
775,1983,,12.068
776,1949,,12.062999999999999
777,2000,,12.059000000000001
778,2008,,12.057
779,1971,,12.052
780,1998,,12.048
781,1968,,12.047
782,1966,,12.030999999999999
783,1988,,12.027999999999999
784,1991,,12.026
785,2005,,12.017999999999999
786,2006,,12.017000000000001
787,1932,,12.013
788,1978,,12.012
789,1975,,12.007
790,1952,,12.004000000000001
791,1996,,11.998
792,1963,,11.995
793,1968,,11.989
794,1964,,11.975999999999999
796,1954,europop,11.972999999999999
797,1998,,11.967
798,1994,,11.958
799,1976,,11.925999999999998
800,1972,,11.924000000000001
801,1970,jangle pop,11.919
802,1956,,11.907
803,1960,,11.905
804,1950,,11.898
805,1960,,11.894
806,2003,,11.89
807,1999,,11.89
808,2010,,11.89
809,1949,,11.875
810,2012,,11.867
811,1995,,11.866
812,1984,,11.86
813,2002,,11.834000000000001
814,1999,,11.827
815,1984,,11.825
816,1967,,11.815999999999999
817,1988,,11.8
818,1968,,11.79
819,1985,,11.789000000000001
820,1979,,11.787
821,1974,,11.786
822,1939,,11.78
823,1999,blues,11.755
824,1942,,11.745999999999999
825,1998,,11.742
826,1968,,11.731
827,1970,,11.729000000000001
828,1977,,11.722000000000001
829,1954,,11.722000000000001
830,1973,,11.720999999999998
831,1989,,11.714
832,1993,,11.707
833,1984,,11.68
834,1969,,11.672
835,2011,,11.664000000000001
836,2004,dance pop,11.65
838,1920,,11.645999999999999
839,1966,,11.636
840,2008,,11.635
841,1992,,11.633
842,1953,,11.633
843,2010,,11.629000000000001
844,2004,,11.620999999999999
845,2005,,11.617
846,1972,soft rock,11.607000000000001
847,1962,,11.606
848,1954,,11.603
849,1967,,11.587
850,2007,,11.575
851,2004,,11.567
852,1997,,11.557
853,2006,,11.550999999999998
854,1928,,11.535
855,1990,dance rock,11.527000000000001
856,1948,,11.526
857,1924,,11.503
858,1956,,11.498
859,1937,,11.495999999999999
860,1977,,11.488
861,1990,,11.479000000000001
862,1968,,11.472000000000001
863,1966,,11.465
864,1993,,11.448
865,2004,,11.447000000000001
866,1984,,11.446
867,1954,,11.427
868,1997,ballad,11.424000000000001
869,1966,,11.421
870,2009,,11.415
871,1994,blues-rock,11.411
872,1987,techno,11.411
873,1994,,11.407
874,1957,,11.399000000000001
875,1981,,11.392000000000001
877,1961,,11.388
878,1965,,11.386
879,1957,,11.38
880,1970,,11.378
881,1951,,11.37
882,1965,,11.347999999999999
883,1994,,11.347999999999999
885,2012,,11.341
886,1970,,11.337
887,1990,,11.329
888,2001,,11.322000000000001
889,1972,,11.322000000000001
890,1988,,11.308
891,1971,,11.284
892,1959,,11.270999999999999
893,1956,,11.269
894,1992,,11.269
895,1992,,11.264000000000001
896,1992,,11.264000000000001
897,2000,,11.255999999999998
898,1990,,11.245
899,1997,,11.242
900,1996,,11.235999999999999
901,1966,country rock,11.225
902,1985,,11.222999999999999
903,1991,,11.216
904,2006,,11.212
905,1975,,11.207
906,1986,,11.203
907,1958,,11.202
908,1989,,11.198
909,2012,,11.183
910,1960,,11.175
911,1986,,11.175
912,2004,,11.157
913,1989,,11.155
914,1967,,11.155
916,2001,,11.154000000000002
917,1965,,11.154000000000002
918,1995,,11.152999999999999
919,1969,,11.151
920,1956,,11.148
921,2013,,11.145
922,1966,,11.144
923,1966,,11.140999999999998
924,1954,,11.132
925,2006,hip hop,11.127
926,1966,,11.115
927,1970,,11.115
928,1992,,11.103
929,1981,dancehall,11.102
930,1987,,11.093
931,1963,,11.089
932,1959,,11.077
933,1980,,11.06
934,1997,,11.058
935,1985,,11.054
936,1999,,11.042
937,1953,,11.039000000000001
938,1986,,11.032
939,2002,,11.03
940,2004,blues-rock,11.01
941,1980,,11.01
942,1956,,11.007
943,1963,,11.005999999999998
944,1972,,11.004000000000001
945,1972,,11.001
946,1972,,11.0
947,2004,pop,10.997
948,1993,,10.995999999999999
949,1977,,10.988
950,1957,,10.984000000000002
951,2009,,10.975
952,2002,,10.974
953,1992,,10.970999999999998
954,1996,,10.968
955,1982,,10.962
956,1979,,10.960999999999999
957,1974,,10.96
958,1975,,10.958
959,1995,nu jazz,10.956
960,1950,,10.953
961,1972,,10.95
962,1980,,10.946
963,1987,,10.94
964,1984,,10.936
965,1981,,10.931
966,1967,,10.925
968,1974,,10.913
969,1981,blues,10.912
970,1966,,10.905999999999999
971,1989,,10.905999999999999
972,2012,,10.897
973,2009,,10.89
974,1964,,10.89
975,1952,,10.88
976,2000,,10.876
977,1969,,10.866
978,2005,,10.865
979,2010,,10.862
980,1961,,10.857999999999999
981,1985,,10.850999999999999
982,2010,,10.850999999999999
983,1968,,10.834000000000001
984,1983,,10.833
985,1982,,10.833
986,1987,,10.828
987,1935,,10.825
988,1977,,10.825
989,1987,,10.812000000000001
990,1990,,10.809000000000001
991,1991,,10.802999999999999
992,1963,,10.802999999999999
993,2004,roots reggae,10.800999999999998
994,2000,,10.798
995,1964,,10.779000000000002
996,1991,,10.777999999999999
997,1979,lovers rock,10.777000000000001
999,1985,,10.77
1000,2012,,10.769
1001,1951,,10.769
1002,2008,r&b,10.765
1003,1983,,10.763
1004,2005,,10.74
1005,1995,,10.73
1006,2007,,10.727
1007,1969,,10.724
1008,1972,,10.717
1009,1980,,10.716
1010,1948,,10.712
1011,2007,,10.710999999999999
1012,1982,,10.708
1013,1981,,10.702
1014,1999,,10.69
1015,1967,,10.687999999999999
1016,1985,,10.682
1017,1923,,10.68
1018,1985,,10.675999999999998
1019,1978,,10.663
1020,2007,,10.662
1021,1971,,10.651
1022,2006,,10.632
1023,1986,hip hop,10.629000000000001
1024,2013,,10.620999999999999
1027,1973,,10.593
1028,1970,,10.591
1029,1992,,10.59
1030,1960,,10.589
1031,1987,,10.582
1032,1974,,10.577
1034,1988,,10.572000000000001
1035,1977,,10.571
1036,1986,,10.568
1037,2004,teen pop,10.564
1038,2010,,10.556
1040,1967,,10.547
1041,1959,,10.545
1042,1986,,10.543
1043,1973,,10.542
1044,1987,,10.537
1045,2003,,10.537
1046,2003,,10.520999999999999
1047,1993,,10.52
1048,1943,,10.519
1049,1976,,10.511
1050,1979,,10.508
1051,1996,,10.504000000000001
1052,2006,,10.5
1053,1968,,10.492
1054,1994,,10.487
1055,1987,,10.481
1056,1990,,10.481
1057,1977,,10.478
1058,1988,,10.475999999999999
1059,1984,,10.474
1060,2013,hard trance,10.47
1061,1973,,10.458
1062,1972,,10.457
1063,1963,,10.454
1065,2006,,10.427
1066,1990,rock,10.424000000000001
1067,1954,,10.419
1068,1983,country gospel,10.409
1069,2010,,10.408
1070,1965,,10.405999999999999
1071,1984,,10.402999999999999
1072,1999,,10.401
1073,2013,,10.39
1074,1996,,10.386
1075,1970,,10.385
1076,1972,,10.372
1077,1972,bluegrass,10.364
1078,1959,,10.360999999999999
1079,1953,,10.347000000000001
1080,1985,,10.347000000000001
1081,1991,,10.345999999999998
1082,1998,,10.341
1083,2003,,10.339
1084,2001,hard rock,10.322000000000001
1085,2007,,10.319
1086,1981,,10.319
1087,1985,,10.31
1088,1965,,10.302999999999999
1089,2005,,10.302
1090,1964,,10.3
1091,1973,,10.3
1092,2008,,10.296
1093,1972,,10.294
1094,2006,,10.290999999999999
1095,1970,,10.29
1096,1997,,10.29
1097,1982,,10.285
1098,1972,,10.28
1099,1997,,10.259
1100,1962,,10.258
1101,1945,,10.258
1102,1984,,10.254000000000001
1103,1976,,10.252
1104,1938,,10.247
1105,1964,,10.244000000000002
1106,1947,,10.243
1108,1941,,10.234
1109,2010,,10.226
1110,1975,,10.224
1111,1974,,10.212
1112,1987,,10.203
1114,2007,,10.198
1115,1980,,10.193
1116,1976,,10.187999999999999
1117,2000,,10.174
1118,1926,,10.174
1119,1976,,10.16
1120,1965,,10.157
1121,1941,,10.157
1122,2000,ccm,10.139
1123,1995,,10.139
1124,1976,,10.138
1125,1970,,10.137
1126,1986,,10.133
1127,1971,,10.125
1128,1965,,10.123
1129,1962,,10.12
1130,1960,,10.116
1131,1957,,10.115
1132,1943,,10.107999999999999
1133,2002,,10.105
1134,2003,,10.104
1135,1954,chanson,10.101
1136,1977,,10.097000000000001
1137,1988,,10.094
1138,1984,,10.089
1139,2007,,10.088
1140,1996,,10.088
1141,1980,,10.079
1142,1991,,10.077
1143,1980,,10.076
1144,1952,,10.065
1145,1963,brill building pop,10.058
1146,1949,,10.054
1147,1943,,10.052999999999999
1148,1956,,10.049
1149,1970,,10.045
1150,2010,,10.027999999999999
1151,1999,,10.027999999999999
1152,2002,,10.026
1153,1973,,10.019
1154,1987,,10.014
1155,1993,lovers rock,10.012
1156,1947,,10.011000000000001
1157,2002,,10.009
1158,1960,,10.005
1159,1974,,10.004
1160,1971,,9.988
1161,1997,,9.987
1162,1990,,9.986
1163,1978,,9.985
1164,1991,,9.981
1165,1996,,9.977
1166,1996,,9.972999999999999
1167,2005,,9.967
1168,2009,teen pop,9.967
1169,1992,,9.962
1170,1993,,9.953
1171,2005,,9.953
1172,1995,,9.952
1173,1978,,9.931000000000001
1174,2009,,9.93
1175,2001,,9.927
1176,1949,soft rock,9.924
1177,2013,,9.919
1178,2013,,9.912
1179,1989,,9.908
1180,2002,,9.904
1181,1971,,9.904
1182,1986,,9.902999999999999
1183,2003,,9.895
1184,1974,,9.886000000000001
1185,2005,,9.882
1186,1988,,9.878
1187,1987,,9.877
1188,1931,,9.876
1189,2000,,9.874
1190,1957,,9.867
1191,1939,soul jazz,9.86
1192,1959,oldies,9.854
1193,1953,,9.853
1194,1999,,9.845
1195,1953,country rock,9.842
1196,2007,,9.842
1197,1995,,9.841000000000001
1198,1964,,9.84
1199,1982,,9.833
1200,1997,,9.832
1201,1964,,9.83
1202,2007,,9.829
1203,1962,,9.817
1204,1986,,9.816
1206,1996,,9.812000000000001
1207,1998,,9.806000000000001
1208,1989,,9.802999999999999
1209,1987,,9.798
1210,1955,,9.796
1211,1955,,9.789
1212,1971,,9.785
1213,1988,,9.783999999999999
1214,2006,heavy metal,9.783999999999999
1215,1965,,9.783999999999999
1216,2000,,9.779
1217,1970,,9.772
1218,1971,,9.766
1219,1993,,9.764
1220,2001,dance pop,9.763
1221,1968,blues-rock,9.754
1222,1973,,9.749
1223,1967,,9.731
1224,1959,,9.73
1225,1994,,9.727
1226,2001,,9.725
1227,1944,,9.722999999999999
1228,1971,,9.718
1229,1983,,9.717
1230,1985,,9.712
1231,2011,,9.706
1232,1998,,9.705
1233,1995,,9.687000000000001
1234,1942,,9.679
1235,1978,,9.677999999999999
1236,1943,,9.677999999999999
1237,2010,,9.665
1238,1979,,9.658999999999999
1239,2009,,9.658
1240,1979,,9.654
1242,1992,,9.65
1243,2008,,9.647
1244,1960,,9.638
1245,1981,,9.636000000000001
1246,1945,,9.633
1247,1945,,9.632
1248,2004,,9.631
1249,1979,,9.63
1250,1983,,9.623
1251,1979,,9.621
1252,1981,,9.62
1253,1996,,9.615
1254,2003,,9.611
1255,1970,bass music,9.609
1256,1950,,9.605
1257,1978,,9.601
1258,1996,,9.599
1259,1997,,9.596
1260,2002,,9.594
1261,1951,,9.594
1262,1994,new jack swing,9.593
1263,1963,,9.584
1264,1979,,9.584
1265,1985,,9.581
1266,2010,,9.581
1267,1986,,9.578
1268,1925,,9.576
1269,1988,,9.576
1270,1983,,9.574
1271,1946,,9.572000000000001
1272,1957,,9.57
1273,1983,,9.568999999999999
1274,1957,,9.566
1275,1985,,9.566
1276,1985,soft rock,9.555
1277,1975,,9.552999999999999
1278,1990,,9.545
1279,1961,,9.54
1280,1972,,9.539
1281,1950,,9.538
1282,1998,,9.536
1283,1952,,9.533999999999999
1284,1985,,9.531
1285,1969,,9.53
1286,2006,,9.529
1287,1937,,9.525
1288,1984,new wave,9.524
1289,2002,,9.522
1290,1968,,9.52
1291,1941,,9.517999999999999
1292,2005,,9.517000000000001
1293,1987,,9.516
1294,1967,,9.516
1295,1969,,9.516
1296,1943,,9.515
1297,1994,,9.508
1298,1993,,9.507
1299,1980,,9.507
1300,1991,,9.504
1301,1978,alternative metal,9.499
1302,1980,,9.498
1303,1977,,9.497
1304,1985,,9.488999999999999
1305,1970,,9.488
1306,1975,,9.488
1307,1992,,9.486
1308,1975,reggae,9.484
1309,1978,,9.479
1310,2000,,9.472000000000001
1311,2002,,9.471
1312,1983,,9.47
1313,1995,,9.456
1314,1982,,9.447000000000001
1315,1940,,9.445
1316,2010,,9.44
1317,1996,,9.439
1318,1998,,9.439
1319,1972,,9.437000000000001
1320,2009,classic rock,9.431000000000001
1321,1960,doo-wop,9.429
1322,1962,,9.427
1323,1960,,9.426
1324,1999,,9.425
1325,1973,,9.425
1326,1947,western swing,9.422
1327,1953,,9.42
1328,2008,,9.416
1329,1991,,9.414
1330,2002,,9.413
1331,1997,,9.41
1333,2005,,9.407
1334,1983,rumba,9.401
1335,1964,,9.399
1336,1963,,9.396
1337,1946,,9.395
1338,1993,,9.376
1339,2006,,9.369
1340,2008,,9.368
1341,1998,,9.361
1342,1922,,9.359
1343,1953,,9.353
1344,2004,,9.351
1345,1988,motown,9.35
1346,1946,,9.35
1347,1996,,9.341000000000001
1348,1985,,9.335
1349,1925,,9.333
1350,2005,,9.332
1351,2001,,9.331
1352,1975,,9.318999999999999
1353,1971,,9.309
1354,1989,,9.309
1355,1985,,9.309
1356,1986,,9.305
1357,1999,,9.302999999999999
1358,1991,,9.301
1359,1991,,9.3
1360,1961,,9.296
1361,1946,,9.296
1362,1996,,9.294
1363,1982,,9.292
1364,1960,,9.287
1365,2006,,9.283
1366,2001,,9.282
1367,1952,classic country,9.281
1368,1993,,9.279
1369,1964,,9.277999999999999
1370,1943,,9.277000000000001
1371,2003,,9.264
1372,1995,,9.253
1373,1970,,9.243
1374,1959,,9.24
1375,1971,,9.238999999999999
1376,1992,,9.234
1377,1974,,9.231
1378,1998,roots reggae,9.225
1379,1970,,9.212
1380,1970,,9.193999999999999
1381,1962,,9.193
1382,1944,,9.189
1383,1946,meditation,9.179
1384,1970,,9.177
1385,1993,blues-rock,9.176
1386,1971,,9.175
1387,2000,,9.169
1389,1955,,9.158999999999999
1390,1969,vocal house,9.156
1391,1991,,9.154
1392,2006,,9.148
1393,1979,,9.148
1394,1973,,9.142999999999999
1395,1976,,9.136000000000001
1398,1977,,9.129
1399,2004,stoner rock,9.128
1400,1988,,9.127
1401,1997,,9.123
1402,1971,,9.121
1403,1947,,9.118
1404,1977,,9.118
1405,1978,,9.116
1406,1957,,9.112
1407,1990,,9.111
1408,1993,,9.111
1409,1989,,9.105
1410,1976,,9.097999999999999
1411,1995,,9.084
1413,2011,,9.073
1414,1970,,9.07
1415,1991,,9.066
1416,1991,downtempo,9.065
1417,2010,,9.062000000000001
1418,1967,,9.06
1419,1967,,9.047
1420,1941,,9.045
1421,1996,,9.04
1422,1969,,9.038
1423,2000,,9.032
1424,1981,,9.017000000000001
1425,1988,,9.015
1426,1969,,9.015
1427,1945,,9.014
1429,1982,,9.006
1430,1988,,9.004
1431,1997,,8.998
1432,1999,,8.997
1433,1974,,8.979
1435,1966,,8.974
1436,1978,,8.972999999999999
1437,1979,,8.972000000000001
1438,2003,,8.972000000000001
1439,2000,,8.962
1440,1978,,8.96
1441,1994,,8.956
1442,1991,,8.954
1443,1995,,8.954
1444,1980,,8.948
1445,1946,,8.948
1446,1959,rock,8.948
1447,1991,,8.943
1448,1992,,8.939
1449,1966,,8.937999999999999
1450,2003,,8.932
1451,1980,hip hop,8.925
1452,1957,,8.924
1453,2000,,8.922
1454,1966,,8.921
1455,1954,,8.921
1456,1976,,8.92
1457,2000,,8.916
1458,1991,,8.914
1459,1965,,8.911
1460,1941,instrumental pop,8.91
1461,2001,,8.907
1462,1992,progressive house,8.907
1464,1993,,8.902000000000001
1465,1962,,8.901
1466,2000,,8.9
1467,1986,,8.898
1468,1988,,8.897
1469,1974,,8.895
1470,2012,,8.892999999999999
1471,2011,,8.892000000000001
1472,1976,,8.891
1473,1977,,8.889
1474,2000,,8.888
1475,1983,,8.886000000000001
1476,1962,,8.885
1477,1998,chanson,8.884
1478,2013,,8.878
1479,1967,,8.875
1480,1977,,8.875
1481,1996,,8.866
1482,1975,,8.861
1483,1978,,8.859
1484,1994,,8.859
1485,1945,,8.847000000000001
1486,1968,,8.844
1487,2004,,8.842
1488,2009,,8.841000000000001
1489,1999,,8.838
1490,1948,,8.837
1491,1962,,8.832
1492,1999,,8.827
1493,1958,,8.823
1494,1986,,8.823
1495,1929,,8.816
1496,1968,,8.815
1498,1991,,8.81
1500,1968,progressive house,8.808
1501,1997,,8.807
1502,2010,,8.805
1503,2009,,8.802999999999999
1504,2008,,8.799
1505,1993,,8.796
1506,1938,,8.785
1507,1983,,8.781
1508,1959,,8.775
1509,1978,,8.774
1510,1951,,8.771
1511,1964,,8.766
1513,1998,,8.761000000000001
1514,2009,,8.761000000000001
1515,1997,,8.759
1516,1941,,8.759
1517,1976,,8.755
1518,1999,dancehall,8.752
1519,1989,,8.749
1520,1984,,8.748
1521,1986,,8.746
1522,2004,,8.745
1523,1980,,8.742
1524,1925,,8.74
1525,1950,,8.729
1526,1959,,8.725
1527,1986,,8.722999999999999
1528,1998,,8.722999999999999
1529,1991,,8.717
1530,1954,,8.716000000000001
1531,2001,,8.71
1532,1985,,8.703
1533,1987,,8.703
1534,1933,,8.702
1535,1966,,8.7
1537,2000,,8.697000000000001
1538,1973,,8.695
1539,2005,,8.693
1540,2004,,8.69
1542,2012,,8.686
1543,1952,,8.685
1544,1967,,8.683
1545,1973,,8.68
1546,1986,,8.68
1548,1970,,8.677
1549,1959,,8.672
1550,1998,,8.662
1551,1961,easy listening,8.66
1552,1988,,8.658999999999999
1553,1987,,8.656
1555,1976,,8.649
1556,1974,,8.647
1557,1966,,8.645
1558,1967,eurodance,8.642000000000001
1559,1978,,8.641
1560,2000,,8.633
1561,1989,,8.63
1562,1987,,8.63
1563,1988,,8.628
1564,1960,,8.624
1565,1966,,8.617
1566,1964,,8.613999999999999
1567,1977,,8.605
1568,2006,,8.605
1569,1996,,8.597999999999999
1570,1985,,8.597000000000001
1571,1930,,8.587
1572,1961,,8.579
1573,1989,neoclassical,8.575
1574,1940,,8.575
1575,1979,,8.573
1576,1985,,8.573
1577,1980,,8.573
1578,1960,,8.571
1579,1967,rock 'n roll,8.568999999999999
1580,1949,,8.568999999999999
1581,1973,,8.568
1582,1999,soukous,8.565
1583,1963,,8.561
1584,1977,,8.552
1585,1964,,8.55
1586,1975,uk garage,8.547
1587,1993,,8.546
1590,2009,,8.535
1591,1974,,8.532
1593,1986,,8.526
1594,1972,,8.524
1595,1974,,8.52
1596,1982,,8.517999999999999
1597,1978,,8.512
1598,2006,,8.511000000000001
1599,1986,,8.51
1600,1983,,8.503
1601,1971,,8.502
1602,1993,,8.501
1603,2002,,8.5
1604,1995,,8.499
1605,1993,,8.497
1606,1990,roots reggae,8.496
1607,1982,,8.495
1608,1976,,8.488
1609,1952,,8.484
1610,1942,,8.477
1611,1981,,8.476
1613,1964,,8.47
1614,1991,,8.467
1617,1963,,8.454
1618,1986,,8.448
1620,1966,,8.445
1621,2000,dance pop,8.441
1622,1941,,8.439
1623,1997,,8.437999999999999
1624,1971,,8.437000000000001
1625,1948,,8.437000000000001
1627,2005,,8.431000000000001
1628,1967,,8.43
1629,1972,,8.43
1630,1977,,8.425
1631,2007,,8.418
1632,2006,,8.414
1633,2011,,8.413
1634,2006,british pop,8.413
1635,1979,,8.412
1636,1983,,8.41
1637,1973,,8.408
1638,2013,,8.402999999999999
1639,1985,,8.402000000000001
1640,1967,,8.4
1641,1996,,8.395
1642,1967,rock 'n roll,8.394
1643,1966,,8.392000000000001
1644,1954,,8.392000000000001
1646,1999,,8.387
1647,1985,,8.379
1648,1951,country gospel,8.374
1650,1993,,8.371
1651,1992,,8.367
1652,1961,,8.367
1653,1996,,8.366
1654,1948,,8.365
1655,1982,,8.363999999999999
1656,1969,,8.362
1657,1968,,8.357000000000001
1658,1953,heavy metal,8.352
1659,1988,,8.349
1660,1969,,8.349
1661,1992,,8.347000000000001
1662,1974,,8.342
1663,1961,blues-rock,8.328
1664,2012,,8.322000000000001
1665,1948,,8.321
1666,1924,,8.318999999999999
1667,2010,,8.318
1668,2003,,8.315
1669,1957,,8.315
1670,1952,,8.315
1671,1998,,8.312000000000001
1672,1989,,8.309
1673,1971,,8.308
1674,1992,heartland rock,8.307
1675,1977,blues,8.307
1676,1971,,8.302999999999999
1677,1977,,8.295
1678,1969,honky tonk,8.293
1679,1987,,8.29
1680,1973,,8.29
1681,1981,,8.29
1682,1946,,8.288
1683,2004,,8.286
1684,1960,,8.285
1685,1947,,8.283999999999999
1686,1980,,8.282
1687,1976,,8.28
1688,1964,,8.28
1689,1947,,8.274
1690,1980,,8.272
1691,1993,,8.271
1692,1982,ccm,8.269
1693,2002,,8.269
1694,1981,,8.267999999999999
1695,2009,,8.267999999999999
1696,1939,,8.266
1697,1968,,8.255
1698,1958,,8.254
1699,2004,post-grunge,8.253
1700,1987,,8.251
1701,2006,,8.251
1702,1948,,8.25
1703,1995,,8.246
1704,1950,,8.242
1705,1984,,8.242
1706,1989,,8.242
1707,1949,,8.241
1708,1932,,8.222999999999999
1709,1989,,8.222000000000001
1710,1961,,8.218
1712,1959,,8.207
1713,1959,,8.203
1714,1981,,8.203
1715,1977,,8.196
1716,1980,,8.195
1717,1961,,8.193999999999999
1718,2004,,8.191
1719,1972,,8.189
1720,2003,,8.181000000000001
1721,1968,,8.181000000000001
1722,2002,,8.174
1723,1991,,8.174
1724,1967,,8.17
1725,1988,,8.169
1726,2006,,8.167
1727,1952,western swing,8.167
1729,1986,,8.162
1730,1968,,8.162
1731,1944,,8.161
1732,2005,pop rock,8.154
1733,1959,,8.154
1734,1993,,8.154
1735,1977,zydeco,8.152999999999999
1736,1976,,8.151
1737,2001,,8.149
1738,1997,,8.148
1739,1968,,8.142999999999999
1740,1950,,8.136000000000001
1741,1986,,8.136000000000001
1742,2012,,8.135
1743,1984,,8.132
1745,1989,,8.124
1746,2001,,8.124
1747,1975,,8.119
1748,1945,,8.116
1749,1982,,8.115
1750,1965,,8.113999999999999
1751,1968,,8.107999999999999
1752,1990,country rock,8.105
1753,1973,,8.105
1754,1944,,8.103
1755,1977,,8.102
1756,1991,,8.099
1758,1975,,8.096
1759,1981,progressive trance,8.096
1761,2010,,8.093
1762,1927,,8.093
1763,1974,,8.09
1764,2004,,8.087
1765,1976,,8.086
1766,1963,,8.082
1767,2002,,8.082
1768,1968,,8.082
1769,1991,,8.075
1770,1966,,8.074
1771,1947,,8.07
1772,1995,,8.065
1773,2012,,8.064
1774,1968,,8.064
1775,1991,,8.064
1776,1971,,8.058
1777,2009,,8.058
1778,1973,,8.051
1779,1989,,8.051
1780,1974,,8.05
1781,1994,,8.048
1782,2009,,8.042
1783,1924,,8.039
1784,1979,,8.037
1785,1966,,8.036
1786,2001,,8.036
1787,2009,dance pop,8.033999999999999
1788,1965,,8.033999999999999
1789,1999,,8.032
1790,1960,,8.029
1791,1981,musette,8.023
1793,1942,,8.016
1795,1978,,8.014
1796,1998,latin jazz,8.014
1797,1971,,8.01
1798,1981,,8.006
1800,2005,skate punk,7.997999999999999
1801,1958,,7.997999999999999
1802,1994,,7.997000000000001
1804,1995,,7.984
1805,1983,,7.984
1806,1990,,7.979
1807,1966,,7.979
1809,1961,,7.972
1810,2002,,7.972
1811,1994,,7.952999999999999
1812,2005,,7.949
1813,1976,,7.942
1814,1955,,7.937
1815,1993,,7.937
1816,1976,,7.935
1817,1968,,7.933
1818,1967,,7.93
1819,1984,,7.925
1820,1962,,7.9239999999999995
1821,1968,,7.921
1822,1976,,7.914
1823,1993,,7.909
1824,2006,,7.907
1825,1964,,7.907
1826,1958,,7.902
1827,1918,,7.897
1828,2004,,7.892
1829,1963,,7.8870000000000005
1830,1976,,7.882000000000001
1831,2004,,7.881
1832,2000,,7.88
1833,1996,,7.879
1834,2000,,7.877000000000001
1835,1996,,7.875
1836,1958,,7.875
1837,2012,,7.874
1838,1988,,7.872999999999999
1839,2003,,7.869
1840,1959,,7.867999999999999
1841,1980,,7.867000000000001
1842,1986,,7.8629999999999995
1843,1961,,7.8629999999999995
1844,2010,,7.859
1845,1977,,7.849
1846,1962,,7.843999999999999
1847,1983,,7.8420000000000005
1849,2013,,7.837000000000001
1850,1991,,7.836
1851,1968,,7.835
1852,1986,,7.831
1853,2005,,7.83
1854,1978,chicago soul,7.83
1855,2008,dance pop,7.827999999999999
1856,1991,,7.827000000000001
1857,1990,,7.821000000000001
1858,1988,groove metal,7.818
1860,1950,,7.817
1862,2004,,7.816
1863,2006,,7.815
1864,1999,,7.807
1865,1989,,7.807
1866,1951,jazz,7.806
1867,1968,,7.803
1869,2006,,7.8
1870,1992,,7.7989999999999995
1871,1996,,7.7989999999999995
1872,1973,,7.794
1873,1975,,7.794
1876,1979,,7.79
1877,1982,,7.79
1878,1975,,7.79
1879,1995,,7.785
1880,1946,,7.7829999999999995
1881,1984,,7.782
1882,1983,,7.771
1883,1961,,7.771
1884,1964,,7.765
1885,2008,,7.765
1886,1962,,7.763999999999999
1888,1999,,7.7620000000000005
1890,1964,,7.751
1891,2001,,7.751
1892,1976,,7.747000000000001
1893,1954,,7.746
1894,1981,,7.7410000000000005
1895,1988,,7.733
1896,1980,,7.733
1897,1996,,7.73
1898,1989,,7.73
1900,1995,,7.726
1901,1971,latin jazz,7.726
1902,1963,,7.723
1903,2005,,7.722
1904,1999,,7.721
1906,1981,,7.707999999999999
1907,1965,,7.705
1908,2001,,7.7010000000000005
1909,1992,,7.7
1910,2002,,7.699
1911,1974,,7.694
1912,2011,,7.694
1913,1968,,7.688
1915,2000,nu metal,7.684
1916,2005,,7.682
1917,2000,,7.68
1918,1956,,7.678999999999999
1919,1991,,7.676
1920,1996,,7.676
1921,1990,,7.672999999999999
1922,2008,,7.669
1923,1971,,7.669
1924,2008,,7.667000000000001
1925,2000,,7.666
1926,1969,,7.6610000000000005
1927,1999,,7.66
1928,1975,,7.66
1929,2009,,7.656000000000001
1930,1955,,7.656000000000001
1931,1972,,7.654
1933,1963,,7.648
1934,1974,,7.647
1935,1969,,7.646
1936,1977,,7.645
1937,1962,,7.641
1938,1970,,7.638
1939,1976,,7.6339999999999995
1940,1974,,7.632999999999999
1941,1983,,7.627999999999999
1942,1965,,7.624
1943,1979,,7.622999999999999
1944,1990,,7.622000000000001
1945,1963,,7.619
1946,1928,,7.619
1947,1982,,7.619
1949,1945,,7.614
1950,1965,,7.612
1951,1979,,7.608
1952,1941,,7.607
1953,2002,,7.606
1956,1996,,7.6
1957,1996,,7.591
1958,1986,,7.587999999999999
1959,1976,,7.587000000000001
1960,1988,pop rap,7.586
1961,1977,,7.585
1963,1964,,7.585
1964,1943,,7.582999999999999
1965,1970,,7.58
1966,1958,,7.577000000000001
1967,1998,,7.577000000000001
1968,2010,,7.571000000000001
1969,1972,,7.569
1970,1953,,7.568
1971,1999,,7.562
1972,1982,,7.561
1973,1945,,7.56
1974,1944,,7.559
1975,2003,,7.558
1976,1996,hardcore techno,7.553
1977,1989,,7.5489999999999995
1978,1977,,7.5489999999999995
1979,1970,,7.544
1980,2004,,7.542000000000001
1981,1965,,7.541
1982,1958,,7.535
1983,1982,,7.534
1984,1967,,7.534
1985,1937,,7.5329999999999995
1986,1978,,7.53
1987,1994,,7.528
1988,1992,,7.525
1990,1993,,7.524
1991,1977,,7.52
1992,1961,,7.517
1993,1990,,7.516
1994,1980,,7.513
1995,1981,,7.51
1996,1989,,7.5
1997,2003,,7.496
1998,1986,,7.492999999999999
1999,1993,,7.492000000000001
2000,1982,,7.492000000000001
2001,1968,,7.49
2002,1961,,7.489
2003,1959,,7.489
2004,1971,,7.484
2005,1999,,7.476
2006,1972,,7.474
2008,1937,,7.472
2009,1980,,7.466
2010,1976,,7.461
2011,1999,,7.46
2012,1976,,7.457000000000001
2013,1973,,7.454
2014,1985,,7.452000000000001
2015,2006,,7.4510000000000005
2016,1979,,7.45
2018,1963,,7.447
2019,1993,,7.447
2020,1992,,7.444
2021,1989,,7.443
2023,1944,,7.438
2024,1972,,7.435
2025,2002,,7.433
2026,1970,,7.433
2027,2008,,7.433
2028,1989,,7.432
2029,2009,,7.432
2030,1990,,7.431
2031,1990,,7.4270000000000005
2032,1980,,7.426
2033,2011,,7.425
2034,1985,,7.425
2035,1973,,7.421
2037,2014,ccm,7.417999999999999
2038,2006,,7.414
2039,1992,,7.412000000000001
2040,1969,,7.409
2041,2009,,7.407
2042,1963,,7.406000000000001
2043,1990,power pop,7.406000000000001
2044,1942,,7.405
2045,1975,,7.404
2046,2008,,7.403
2047,1943,,7.399
2048,2004,,7.399
2049,1946,,7.397
2050,1972,,7.394
2051,1963,,7.391
2052,1950,,7.382000000000001
2053,1956,,7.381
2054,1964,,7.38
2055,1968,,7.377999999999999
2056,2006,,7.375
2057,1993,,7.372999999999999
2058,1995,,7.3660000000000005
2059,1967,,7.356
2060,1982,,7.356
2061,1979,,7.354
2062,1986,,7.347
2063,1999,,7.345
2065,1969,,7.343
2066,1988,,7.34
2067,2002,,7.337999999999999
2069,1977,ccm,7.337000000000001
2070,1996,,7.335
2071,1996,,7.334
2072,1927,,7.332999999999999
2073,1990,,7.332000000000001
2075,1952,,7.331
2076,1982,,7.33
2078,1974,,7.327999999999999
2079,1992,,7.32
2080,2001,,7.319
2081,1989,,7.318
2082,1977,,7.317
2083,1976,,7.315
2084,1947,,7.315
2085,1980,,7.312
2086,1983,,7.31
2087,1966,,7.307
2088,1962,goregrind,7.307
2089,1987,,7.3
2090,1941,,7.297999999999999
2091,2008,,7.295
2092,1976,,7.291
2093,1959,,7.287999999999999
2094,2001,,7.287999999999999
2095,1993,,7.287000000000001
2096,1970,,7.2860000000000005
2097,1990,,7.285
2098,1971,,7.284
2099,1976,,7.284
2100,1952,motown,7.2829999999999995
2101,1969,,7.2829999999999995
2102,1997,,7.281000000000001
2104,1999,,7.28
2105,1987,,7.28
2106,1984,quiet storm,7.279
2107,1959,,7.279
2110,2006,indie rock,7.277
2111,1965,,7.277
2112,2001,,7.276
2113,1941,,7.276
2114,1996,,7.275
2115,1961,,7.274
2116,1954,,7.274
2118,1954,gabba,7.268
2119,1969,,7.265
2120,2011,,7.2620000000000005
2121,1980,,7.257999999999999
2122,1979,,7.257000000000001
2123,1911,,7.254
2124,1986,,7.254
2126,1991,,7.252999999999999
2127,2001,,7.251
2128,1990,,7.249
2129,2005,blues-rock,7.249
2130,1996,,7.247999999999999
2131,2003,,7.244
2132,2003,,7.244
2133,2006,,7.242000000000001
2134,1992,,7.237
2135,2006,,7.233
2136,1981,,7.232
2137,1987,,7.232
2138,2010,,7.229
2139,1998,,7.229
2140,1973,,7.227
2141,1991,,7.227
2143,1973,,7.221
2144,1954,,7.221
2145,1984,,7.22
2146,1999,,7.218999999999999
2147,1999,,7.218
2148,1989,,7.218
2149,1991,,7.216
2150,1984,,7.2139999999999995
2151,1962,,7.212999999999999
2152,1968,,7.211
2153,2001,,7.211
2154,1987,,7.21
2155,2002,,7.209
2156,1944,neo soul,7.207000000000001
2157,1968,,7.206
2158,1985,,7.206
2159,1971,,7.205
2160,1969,,7.204
2161,1999,teen pop,7.204
2162,1956,,7.1979999999999995
2163,1938,,7.196000000000001
2164,1998,,7.184
2165,1996,,7.182
2166,2000,,7.181
2167,1959,,7.181
2168,2000,,7.178999999999999
2170,2012,,7.1770000000000005
2171,1992,,7.176
2173,1997,,7.1739999999999995
2174,1997,,7.172000000000001
2175,1999,,7.167999999999999
2176,2004,,7.167999999999999
2177,1959,,7.167000000000001
2179,2007,,7.162999999999999
2180,2002,,7.156000000000001
2181,1928,,7.149
2182,2007,,7.149
2183,2004,post-grunge,7.147
2184,1968,,7.147
2185,2002,,7.143
2187,2012,,7.142
2188,1987,,7.138999999999999
2189,1968,,7.1370000000000005
2190,2004,,7.127999999999999
2191,1942,,7.126
2192,1993,,7.124
2193,1970,,7.122999999999999
2194,1966,,7.122000000000001
2195,2005,,7.122000000000001
2196,1995,,7.122000000000001
2197,1920,,7.119
2198,1971,all-female,7.119
2199,1964,,7.1160000000000005
2200,1957,smooth jazz,7.11
2202,1928,,7.109
2203,1966,,7.106
2204,1961,,7.104
2205,2009,,7.098
2206,1983,,7.097
2207,1974,,7.097
2208,1901,,7.097
2209,1976,,7.096
2210,2011,,7.093999999999999
2211,1980,,7.093999999999999
2212,2000,,7.093
2213,1990,,7.093
2215,2008,,7.091
2217,1999,,7.09
2218,1970,,7.0889999999999995
2219,2008,,7.0889999999999995
2220,1990,,7.087999999999999
2221,2009,,7.085
2223,1963,,7.082999999999999
2224,1997,singer-songwriter,7.082999999999999
2225,1989,,7.082000000000001
2227,1961,,7.077000000000001
2228,2009,,7.077000000000001
2229,1938,,7.0760000000000005
2230,1981,,7.075
2231,2001,,7.072
2232,1990,,7.071000000000001
2233,1971,,7.063
2234,1995,,7.062
2235,1972,blues-rock,7.058
2236,2009,,7.05
2238,2009,piano rock,7.047000000000001
2239,1997,,7.042999999999999
2240,2007,,7.042999999999999
2241,1985,,7.039
2242,1991,,7.037999999999999
2243,1992,,7.032
2244,1998,,7.03
2245,1979,,7.028
2246,2001,,7.025
2247,1974,,7.025
2248,1964,,7.023
2249,1973,,7.022
2250,1979,,7.021
2252,1961,,7.018
2253,1998,,7.016
2254,1922,,7.015
2255,1948,,7.013999999999999
2256,1971,,7.0120000000000005
2257,1983,,7.005
2258,1944,,6.997999999999999
2259,2002,,6.996
2260,1967,,6.9910000000000005
2261,1984,,6.9910000000000005
2262,1961,,6.985
2263,1953,,6.984
2264,2001,ccm,6.983
2265,1963,,6.983
2266,1997,,6.976
2267,2000,,6.975
2268,1993,,6.975
2269,1978,,6.972
2270,1995,,6.971
2271,2002,,6.971
2273,1982,easy listening,6.97
2274,1972,,6.968999999999999
2275,1998,,6.968
2276,1989,,6.966
2277,2000,,6.962999999999999
2278,1977,,6.962000000000001
2279,1968,,6.961
2280,1968,,6.959
2281,2011,,6.959
2282,1969,,6.957000000000001
2283,1974,,6.957000000000001
2284,1995,,6.956
2285,1981,piano rock,6.952999999999999
2286,1985,,6.952000000000001
2287,1982,,6.9510000000000005
2288,2001,,6.95
2289,1989,,6.949
2290,1944,,6.946000000000001
2291,1977,,6.946000000000001
2292,1985,,6.944
2293,1998,,6.943
2294,1965,,6.941
2296,1974,,6.938
2297,1965,,6.934
2298,2004,bossa nova,6.934
2299,1998,,6.933
2300,1966,,6.931
2301,1998,,6.928999999999999
2302,1956,,6.922999999999999
2303,1988,,6.912000000000001
2304,2001,,6.9110000000000005
2305,2005,,6.91
2306,1964,,6.907
2307,1971,,6.904
2308,1961,,6.904
2309,1961,,6.903
2310,1973,,6.9
2311,1990,,6.895
2312,1998,,6.893
2313,1959,,6.893
2314,1929,,6.89
2315,1976,,6.89
2316,1951,,6.888999999999999
2317,1975,,6.888
2318,1996,,6.886
2319,1994,,6.8839999999999995
2320,1986,,6.8839999999999995
2321,2003,,6.8839999999999995
2322,2000,,6.882000000000001
2323,2002,,6.875
2324,1990,,6.874
2325,1966,,6.867999999999999
2326,1976,,6.8660000000000005
2327,1990,,6.865
2328,1974,,6.861000000000001
2329,2009,,6.859
2330,1985,,6.856
2332,1973,,6.854
2334,1970,,6.848
2336,1951,,6.847
2337,1998,,6.846
2338,1969,,6.845
2339,1992,,6.841
2340,1952,,6.837999999999999
2341,1968,,6.837999999999999
2343,1981,,6.832000000000001
2344,1962,,6.831
2345,1978,,6.825
2346,1996,,6.822
2347,1962,,6.82
2348,1942,,6.817
2349,1986,,6.816
2350,1959,,6.815
2351,1991,,6.813
2352,2003,,6.813
2353,1987,,6.812
2355,1947,,6.808
2356,1988,,6.807
2357,2002,,6.805
2358,1959,,6.805
2359,1973,,6.803999999999999
2361,1997,,6.803
2362,1993,,6.8
2363,1971,,6.792999999999999
2364,1976,,6.791
2365,1956,lovers rock,6.79
2366,1988,,6.789
2367,1964,,6.785
2368,1955,,6.782
2369,1991,,6.78
2370,2008,,6.777
2371,2006,,6.774
2372,1972,,6.774
2373,1953,,6.773
2374,2006,,6.773
2375,1985,,6.771
2376,1983,,6.766
2378,1968,,6.765
2379,1982,,6.765
2380,1963,,6.765
2381,1949,,6.763999999999999
2382,1969,,6.763999999999999
2383,2002,,6.761
2384,1947,,6.76
2385,1993,,6.76
2386,1972,,6.757000000000001
2387,1988,,6.755
2388,2013,,6.755
2389,1946,,6.751
2390,1970,,6.747000000000001
2391,1997,,6.742000000000001
2392,1966,,6.7379999999999995
2393,2004,,6.736000000000001
2394,1998,hard rock,6.735
2395,2003,,6.733
2396,2009,,6.733
2397,1940,,6.729
2398,2005,,6.728
2399,1975,,6.727
2400,1969,,6.727
2401,1988,,6.722
2402,1989,,6.721
2403,1984,,6.7139999999999995
2404,1972,,6.712999999999999
2405,2009,,6.712999999999999
2406,1999,,6.712000000000001
2407,1984,,6.712000000000001
2408,1949,,6.71
2409,2007,,6.707999999999999
2410,1999,,6.707999999999999
2411,1993,,6.706
2412,1968,,6.705
2413,1983,,6.702999999999999
2414,1998,,6.702000000000001
2415,1980,,6.699
2416,1970,,6.699
2418,2003,,6.697
2419,1986,,6.696000000000001
2421,1944,,6.695
2422,1958,,6.694
2423,2009,,6.693
2425,1998,,6.692
2426,1973,,6.691
2427,1960,,6.691
2428,1922,,6.687
2429,1949,,6.686
2430,1944,,6.685
2431,1975,,6.685
2432,1960,,6.684
2433,1958,,6.683
2434,1982,,6.682
2435,1980,,6.682
2436,2005,,6.682
2437,1994,pop folk,6.681
2438,1959,,6.678999999999999
2439,1965,country blues,6.678
2441,2000,,6.672999999999999
2442,1955,,6.665
2443,2001,,6.665
2444,1974,,6.662999999999999
2445,2006,,6.662999999999999
2446,2000,,6.6610000000000005
2447,1977,,6.66
2448,1976,,6.656000000000001
2450,1970,,6.655
2451,1991,,6.653
2452,2004,,6.652
2453,1964,,6.65
2454,1965,,6.65
2455,1961,,6.648
2456,1944,,6.647
2457,2005,,6.647
2458,1963,,6.641
2459,1978,,6.635
2460,2009,,6.631
2461,1988,,6.63
2462,1994,,6.629
2463,1964,,6.627000000000001
2464,1975,,6.626
2465,1983,,6.626
2466,1995,,6.625
2467,1957,,6.624
2468,1922,,6.621
2469,1975,,6.62
2470,1977,,6.619
2471,1956,,6.615
2472,1992,,6.614
2473,1954,,6.614
2474,1992,,6.608
2476,1987,,6.602
2477,1964,,6.6
2478,2005,,6.599
2479,1972,hard house,6.596
2480,1970,,6.5920000000000005
2481,1969,,6.5920000000000005
2482,1965,latin jazz,6.5920000000000005
2483,1963,,6.5889999999999995
2485,1965,,6.5889999999999995
2486,1983,,6.587000000000001
2487,1978,,6.587000000000001
2488,1968,,6.585
2489,1984,,6.584
2490,1984,,6.582999999999999
2491,1960,,6.579
2492,1977,,6.579
2493,2011,,6.5729999999999995
2494,1984,,6.5729999999999995
2495,1969,honky tonk,6.572
2496,1964,hip house,6.57
2497,1994,,6.568
2498,1970,,6.567
2499,2010,,6.566
2500,1981,,6.565
2501,1969,,6.564
2503,1960,,6.562
2504,1992,,6.562
2505,1949,,6.559
2506,1963,,6.558
2507,1984,,6.557
2508,1962,,6.557
2509,1965,,6.556
2510,2011,,6.5520000000000005
2511,2004,neo soul,6.551
2513,2004,,6.547999999999999
2515,1972,,6.54
2516,1977,,6.537999999999999
2517,1963,,6.535
2518,1966,,6.5329999999999995
2519,1967,,6.527
2520,2009,,6.521
2521,1982,,6.521
2522,1988,,6.52
2523,1972,,6.52
2524,1948,,6.517
2525,1983,,6.516
2526,1987,,6.515
2527,2007,,6.513999999999999
2528,1975,,6.513
2530,2013,,6.5089999999999995
2531,1984,,6.507999999999999
2532,1999,,6.507000000000001
2533,1985,,6.507000000000001
2534,2012,,6.506
2535,1978,shock rock,6.505
2536,1970,southern rock,6.502999999999999
2537,1975,,6.5
2538,1961,,6.499
2539,1976,,6.497999999999999
2540,1980,,6.494
2541,2010,,6.492999999999999
2542,1974,,6.4879999999999995
2543,1969,,6.4879999999999995
2544,1984,,6.486000000000001
2545,1972,chill-out,6.484
2546,2003,,6.484
2547,2002,,6.483
2548,1988,,6.479
2549,1978,,6.476
2550,1987,,6.476
2551,2005,,6.473
2552,1992,,6.471
2553,1977,,6.47
2554,1929,,6.47
2555,1989,,6.468999999999999
2556,1991,,6.4670000000000005
2557,1985,,6.465
2558,2005,,6.465
2559,1981,,6.465
2561,1934,,6.46
2562,2000,,6.46
2563,1994,,6.459
2564,1990,,6.454
2565,2010,,6.452999999999999
2566,1980,,6.452000000000001
2569,1987,,6.447
2570,2006,,6.447
2571,1994,,6.445
2572,1980,,6.443
2573,1986,,6.443
2574,2004,,6.44
2575,2006,,6.438
2577,1993,,6.436
2579,1993,,6.43
2581,1956,,6.428999999999999
2582,1991,,6.428999999999999
2583,1967,,6.428
2584,2002,,6.4270000000000005
2585,1972,,6.426
2586,1958,,6.425
2587,1967,orchestra,6.422999999999999
2588,1973,,6.422000000000001
2589,1962,,6.422000000000001
2590,1974,,6.42
2591,1967,,6.42
2592,1930,,6.417999999999999
2594,2011,,6.417999999999999
2595,1952,,6.417999999999999
2596,1956,,6.416
2597,2000,,6.416
2598,1979,,6.414
2599,1963,,6.4110000000000005
2600,1971,,6.4110000000000005
2601,2007,,6.4110000000000005
2602,1993,,6.4079999999999995
2603,2005,,6.4079999999999995
2604,1961,,6.407
2605,1959,,6.406000000000001
2606,1964,,6.406000000000001
2607,1987,,6.402
2609,1960,,6.397
2610,1973,,6.396
2611,1970,,6.393
2612,1971,,6.393
2613,1996,,6.392
2614,1987,,6.391
2615,1992,,6.39
2616,1994,,6.39
2618,1992,,6.388999999999999
2619,1997,,6.388
2620,1975,,6.3870000000000005
2621,2011,,6.3870000000000005
2623,1987,,6.381
2625,1988,indie rock,6.377999999999999
2626,1983,,6.377000000000001
2627,1996,,6.376
2628,1983,,6.375
2629,1989,,6.374
2630,1961,,6.372999999999999
2631,1978,,6.372999999999999
2633,1937,,6.371
2634,1997,,6.37
2635,1963,,6.369
2636,1957,,6.367999999999999
2637,1963,,6.367000000000001
2638,1987,,6.3629999999999995
2639,1988,,6.3629999999999995
2640,1979,,6.362
2641,1994,rock,6.362
2642,1972,,6.361000000000001
2643,1997,,6.36
2644,1999,,6.36
2645,1991,,6.354
2646,1985,,6.351
2647,1999,,6.351
2648,1951,,6.349
2649,1967,,6.343999999999999
2650,1967,,6.343
2651,1973,,6.343
2652,1999,latin,6.343
2653,2003,,6.3389999999999995
2654,1984,lovers rock,6.336
2655,1984,,6.332999999999999
2656,1951,,6.332999999999999
2657,1977,,6.332999999999999
2658,1992,,6.331
2659,1989,,6.331
2660,1988,,6.325
2661,2002,,6.322
2662,1945,,6.322
2663,1996,,6.321000000000001
2664,1976,,6.321000000000001
2665,1974,,6.321000000000001
2666,2000,,6.32
2667,1999,,6.32
2668,1981,,6.313
2669,1967,,6.31
2670,1949,,6.309
2671,1962,,6.308
2672,2001,,6.307
2673,1975,,6.306
2674,1959,,6.303999999999999
2675,1980,bass music,6.303999999999999
2676,1996,,6.303
2677,1996,,6.3020000000000005
2678,1993,,6.301
2679,1978,,6.301
2680,1975,,6.3
2681,2006,,6.3
2682,2000,,6.297999999999999
2683,1941,big band,6.296
2684,1982,,6.294
2685,1959,,6.292999999999999
2687,1946,,6.292000000000001
2689,1960,,6.284
2691,1994,,6.279
2692,1972,,6.279
2693,2011,,6.275
2694,1986,,6.273
2695,1946,,6.27
2696,2012,,6.27
2697,1977,,6.27
2698,1958,rock 'n roll,6.269
2699,1998,,6.266
2700,1928,,6.265
2701,1988,,6.265
2702,2006,,6.263999999999999
2703,1980,,6.263
2705,2003,,6.2620000000000005
2706,1967,,6.2620000000000005
2707,1947,,6.261
2708,2007,hip hop,6.257999999999999
2709,1927,,6.257000000000001
2710,1982,,6.256
2711,1955,,6.246
2712,1949,,6.244
2713,1982,pop rock,6.244
2714,1982,,6.244
2715,1983,,6.2379999999999995
2716,1958,,6.237
2718,1986,,6.234
2719,1981,,6.234
2720,1978,,6.233
2721,2001,,6.232
2722,1995,,6.229
2723,1962,,6.228
2724,1986,,6.227
2725,1974,,6.226
2726,1930,,6.225
2728,1928,,6.218999999999999
2729,1993,,6.2170000000000005
2730,1990,,6.2170000000000005
2731,1990,,6.2170000000000005
2732,1993,,6.216
2733,1975,,6.216
2734,1989,,6.216
2737,1992,soft rock,6.21
2738,2007,ccm,6.207000000000001
2740,1992,,6.202999999999999
2741,1992,,6.202999999999999
2742,1994,,6.202000000000001
2743,1986,,6.2
2744,1965,,6.199
2745,1992,,6.1979999999999995
2746,1944,,6.189
2747,1986,,6.184
2748,1986,,6.183
2749,1928,,6.181
2750,1989,,6.18
2751,1964,,6.18
2752,1961,,6.178999999999999
2753,1983,new wave,6.178999999999999
2754,1969,electric blues,6.178999999999999
2755,2011,,6.175
2756,1943,,6.172999999999999
2757,1989,,6.171
2758,1974,,6.17
2759,1991,,6.169
2760,1970,,6.166
2761,1999,,6.166
2762,2001,,6.162999999999999
2763,1952,,6.155
2764,1981,,6.152
2765,2006,,6.151
2767,1995,,6.148
2768,1977,,6.147
2769,1984,,6.147
2770,1951,,6.144
2771,1951,,6.14
2772,2008,electronic,6.138999999999999
2773,1966,,6.1370000000000005
2774,2008,,6.136
2775,1975,,6.1339999999999995
2776,1993,,6.132999999999999
2777,1971,,6.127000000000001
2778,1961,,6.127000000000001
2779,1985,,6.125
2782,1967,,6.12
2785,1979,,6.117999999999999
2786,1983,,6.117000000000001
2787,2004,,6.117000000000001
2788,2002,dance pop,6.1160000000000005
2789,1992,,6.115
2790,1998,,6.114
2791,1988,,6.1129999999999995
2792,1941,,6.1129999999999995
2794,1982,,6.108
2795,1932,,6.107
2796,2001,,6.106
2797,1981,,6.103
2798,2003,,6.1
2800,2005,,6.099
2801,1981,,6.096
2802,1979,blues-rock,6.096
2803,1973,,6.0920000000000005
2804,1979,chamber jazz,6.0889999999999995
2805,1986,,6.0889999999999995
2806,1996,,6.082999999999999
2808,1972,,6.081
2809,2000,,6.081
2810,1959,,6.081
2811,1973,,6.079
2812,1994,,6.0760000000000005
2813,2002,,6.0760000000000005
2814,1974,,6.075
2816,1993,,6.072
2817,1980,,6.07
2818,1975,,6.064
2819,1984,,6.064
2820,1967,,6.063
2821,1998,,6.062
2823,1923,,6.058
2824,1953,,6.057
2825,2007,,6.057
2826,1989,,6.055
2827,1958,,6.051
2828,1950,,6.051
2829,1985,,6.051
2830,1951,,6.047999999999999
2831,1988,,6.047999999999999
2832,1955,,6.047000000000001
2833,1990,,6.045
2834,1983,,6.044
2835,1971,,6.042999999999999
2836,1946,,6.042000000000001
2837,1969,,6.041
2838,1971,,6.041
2839,1966,,6.037999999999999
2840,1965,,6.034
2841,1989,,6.0329999999999995
2842,2004,,6.032
2843,1994,,6.03
2844,1961,,6.03
2845,1965,,6.03
2846,1966,,6.029
2847,1924,,6.029
2848,1995,,6.029
2849,1981,,6.027
2850,2007,,6.027
2851,1958,,6.025
2852,1956,,6.024
2853,1979,,6.023
2854,1969,,6.021
2855,2003,,6.021
2856,1971,,6.02
2857,1979,,6.018
2858,1966,,6.018
2859,1995,dance pop,6.018
2860,1955,,6.017
2861,1969,,6.017
2862,1989,,6.016
2863,2001,,6.015
2864,2007,,6.015
2865,1974,,6.013999999999999
2866,1973,,6.013
2867,2001,,6.0120000000000005
2868,1970,,6.0120000000000005
2869,1975,,6.011
2870,1973,,6.011
2871,2009,,6.01
2872,1980,,6.01
2873,1995,,6.01
2874,1940,,6.01
2875,1988,,6.0089999999999995
2876,1961,,6.006
2877,1966,,6.006
2878,1958,,6.005
2879,1948,,5.999
2880,1977,,5.999
2881,1991,,5.996
2882,1998,,5.992000000000001
2883,2001,,5.9910000000000005
2884,2005,,5.99
2886,1990,,5.986000000000001
2887,1983,,5.982
2889,1999,,5.979
2890,1956,zydeco,5.977
2891,2000,,5.975
2892,1991,,5.975
2893,2004,,5.972
2894,1970,,5.971
2895,1988,indie rock,5.97
2896,1986,,5.968999999999999
2897,1966,,5.968
2898,2007,,5.9670000000000005
2899,1992,,5.965
2900,1970,,5.962999999999999
2901,1968,,5.962999999999999
2902,2007,,5.961
2903,2011,,5.961
2904,2011,,5.961
2905,1970,,5.957999999999999
2906,1962,,5.957000000000001
2907,1941,,5.956
2908,1972,,5.956
2909,1964,,5.954
2910,1995,,5.952000000000001
2911,1974,,5.952000000000001
2912,1963,,5.946000000000001
2913,1956,,5.946000000000001
2914,1956,,5.945
2915,1975,,5.945
2916,1991,,5.945
2918,2004,,5.943
2919,1957,,5.94
2920,2001,,5.938
2921,1988,,5.935
2922,1994,,5.935
2923,1977,,5.934
2924,2002,,5.933
2925,1993,,5.933
2926,1980,,5.931
2927,1957,,5.928999999999999
2928,1969,,5.928
2929,1960,,5.925
2931,1982,,5.922999999999999
2933,1972,,5.922000000000001
2934,1986,,5.922000000000001
2935,1981,,5.921
2936,2003,,5.921
2937,1982,,5.92
2939,2001,dance pop,5.919
2940,1988,,5.917000000000001
2941,2001,,5.917000000000001
2943,1974,,5.912000000000001
2946,1939,,5.904
2947,1969,,5.903
2948,1941,,5.903
2949,1967,,5.901
2950,1992,,5.899
2951,1968,,5.896
2952,1975,,5.895
2953,1989,,5.895
2954,1978,,5.895
2955,1990,heavy metal,5.891
2958,2012,,5.89
2959,1942,,5.89
2960,1982,,5.888
2962,2004,,5.8870000000000005
2963,1973,,5.885
2965,2007,,5.882999999999999
2966,1990,,5.879
2967,2005,,5.877999999999999
2968,1963,,5.877000000000001
2969,1984,,5.876
2970,2007,,5.875
2971,1963,,5.874
2972,1934,,5.872999999999999
2973,1993,,5.872000000000001
2974,1986,,5.871
2975,1988,,5.871
2976,1978,,5.867999999999999
2977,1979,,5.867999999999999
2978,2005,,5.8660000000000005
2979,1998,,5.865
2980,1976,,5.865
2981,1975,,5.864
2983,2002,,5.861000000000001
2984,1989,,5.861000000000001
2985,1990,,5.859
2986,2011,,5.858
2988,1972,,5.856
2991,1975,,5.853
2992,1973,,5.853
2993,1976,,5.847
2994,2011,quiet storm,5.845
2995,2000,,5.843999999999999
2996,1982,,5.8420000000000005
2997,1969,,5.8420000000000005
2998,1973,,5.832000000000001
2999,2005,,5.832000000000001
3000,2003,,5.83
3002,1968,,5.829
3003,1997,,5.829
3004,1993,,5.827999999999999
3005,1980,,5.8260000000000005
3006,1984,,5.824
3007,1978,,5.8229999999999995
3008,1973,,5.822
3009,1966,,5.82
3011,1973,,5.818
3012,1999,,5.816
3013,1988,,5.814
3014,1966,,5.813
3015,1970,,5.813
3016,1995,,5.811
3017,1985,,5.811
3018,1940,,5.81
3019,1980,,5.81
3020,1978,,5.807
3021,1997,,5.806
3023,1990,,5.806
3024,1965,,5.805
3025,1997,,5.803999999999999
3026,1977,,5.8020000000000005
3028,1960,,5.7989999999999995
3029,1993,,5.7989999999999995
3030,1962,,5.797000000000001
3033,1980,,5.795
3034,2002,,5.795
3035,1976,,5.794
3036,1970,,5.792999999999999
3037,1983,pop rock,5.792000000000001
3038,1989,,5.792000000000001
3039,1965,,5.79
3040,2004,,5.79
3041,1939,,5.79
3042,1970,,5.789
3043,1970,,5.789
3045,2005,,5.787999999999999
3046,1973,,5.787999999999999
3047,2009,hardcore punk,5.787999999999999
3048,1983,,5.787000000000001
3049,2011,,5.7860000000000005
3050,1934,,5.785
3051,1986,,5.777
3052,1963,,5.775
3053,1934,,5.774
3055,2010,,5.774
3056,1969,,5.773
3057,2008,,5.77
3058,1979,,5.769
3060,1977,blues-rock,5.769
3061,2008,,5.768
3062,2010,progressive house,5.768
3063,1973,,5.763999999999999
3064,1983,,5.763999999999999
3065,1992,,5.763
3066,1986,,5.7620000000000005
3067,1958,,5.76
3068,1995,,5.76
3069,1984,,5.7589999999999995
3070,1973,,5.7589999999999995
3071,1980,,5.756
3072,1962,,5.756
3073,1963,,5.756
3074,1990,,5.756
3075,1998,,5.754
3076,1962,,5.752999999999999
3078,2003,,5.752999999999999
3080,1923,,5.749
3081,1975,,5.747999999999999
3082,1961,,5.747999999999999
3083,1976,,5.747999999999999
3084,1984,,5.747000000000001
3085,1988,,5.747000000000001
3087,1973,,5.746
3088,2005,,5.742999999999999
3089,2003,,5.742999999999999
3090,1944,,5.742000000000001
3092,1987,,5.742000000000001
3093,1955,,5.74
3094,1983,,5.74
3095,1993,,5.74
3097,1986,,5.737
3098,1995,,5.736000000000001
3099,1968,,5.732
3100,1960,,5.731
3101,1950,,5.731
3102,1972,,5.731
3103,1995,,5.73
3104,1952,,5.73
3105,2011,big beat,5.728
3107,1973,,5.727
3108,1963,,5.725
3109,2008,,5.725
3110,1974,,5.724
3111,1960,,5.723
3112,2002,,5.72
3113,1985,,5.718999999999999
3115,2012,,5.718
3116,1992,,5.718
3118,2005,,5.716
3119,1972,,5.715
3120,1992,,5.715
3121,1982,,5.712999999999999
3122,1956,,5.711
3123,1984,,5.711
3124,1975,,5.706
3125,2000,,5.704
3126,1972,,5.704
3127,1990,,5.702999999999999
3129,1958,,5.699
3130,1961,,5.6979999999999995
3131,1980,,5.6979999999999995
3132,1943,,5.697
3134,1978,,5.692
3135,1994,,5.691
3136,2012,,5.691
3137,1970,,5.691
3138,1979,,5.689
3139,1975,,5.685
3140,1999,,5.685
3141,1934,,5.685
3142,1970,,5.685
3143,2010,,5.685
3144,1993,,5.685
3145,1927,,5.685
3146,1999,,5.684
3147,1985,,5.682
3148,1999,,5.682
3149,2010,,5.678999999999999
3150,2004,,5.6770000000000005
3151,1988,,5.671
3153,1952,,5.67
3154,1969,,5.67
3155,2012,hard rock,5.669
3156,1944,,5.669
3157,1997,,5.667999999999999
3158,1994,,5.666
3159,1984,,5.666
3160,1969,,5.665
3161,1985,,5.664
3162,2005,orchestra,5.662999999999999
3163,2006,,5.662000000000001
3164,1988,,5.66
3165,1979,,5.66
3166,1972,,5.66
3167,2010,,5.66
3168,2003,,5.656000000000001
3169,1972,,5.653
3170,1952,,5.65
3171,1977,,5.649
3172,1975,,5.648
3173,1997,,5.646
3174,1921,,5.645
3175,1996,,5.642
3176,1956,,5.642
3177,1956,,5.641
3178,1997,,5.6370000000000005
3179,2012,,5.635
3180,1962,,5.6339999999999995
3181,2008,,5.6339999999999995
3183,1992,,5.6339999999999995
3184,1991,,5.632999999999999
3185,1966,,5.632000000000001
3186,1973,,5.632000000000001
3187,1933,latin jazz,5.631
3188,2012,,5.63
3189,1972,,5.629
3190,1974,,5.629
3193,1998,,5.625
3194,1971,,5.624
3196,1967,ccm,5.62
3197,1968,,5.62
3198,1973,,5.619
3199,1958,,5.619
3200,1992,,5.617000000000001
3202,1948,,5.6160000000000005
3203,1991,,5.615
3204,1945,,5.614
3205,1979,,5.609
3206,1997,,5.608
3207,1999,,5.607
3208,1983,,5.607
3209,1994,,5.607
3210,2000,,5.605
3211,1975,,5.603
3212,1982,,5.603
3213,2010,,5.603
3214,1991,,5.602
3216,1982,,5.599
3218,1972,,5.598
3219,1986,,5.598
3220,1959,,5.595
3221,1995,,5.593999999999999
3222,1946,,5.5920000000000005
3223,1956,,5.5920000000000005
3225,1960,,5.591
3226,1958,,5.591
3227,1994,,5.59
3228,2001,blue-eyed soul,5.59
3229,1967,,5.587999999999999
3230,1989,,5.587000000000001
3231,1958,,5.586
3232,1938,,5.586
3233,1973,,5.586
3234,1949,,5.585
3235,1983,,5.585
3236,2009,,5.582999999999999
3237,1996,,5.581
3238,1964,,5.58
3239,1952,,5.579
3240,1965,,5.577999999999999
3241,1972,,5.577999999999999
3242,1919,,5.5760000000000005
3244,1977,,5.575
3246,1968,,5.574
3247,1917,,5.571000000000001
3248,1992,,5.571000000000001
3249,1985,,5.569
3251,1968,,5.567
3252,1980,,5.565
3253,1990,,5.565
3254,1978,,5.562
3255,2002,,5.561
3256,1967,,5.56
3257,1962,,5.558
3258,1958,,5.558
3259,1973,,5.558
3260,1954,,5.557
3261,1982,,5.556
3263,1982,,5.553999999999999
3264,2000,,5.5520000000000005
3265,1969,orchestra,5.551
3266,2002,,5.551
3267,1970,,5.551
3268,2005,,5.547999999999999
3269,1931,,5.547999999999999
3270,1963,,5.547000000000001
3271,1972,,5.547000000000001
3272,1997,,5.546
3273,1970,,5.546
3274,1996,,5.544
3275,1973,,5.544
3276,1964,irish folk,5.542999999999999
3277,1998,,5.542999999999999
3278,1994,,5.539
3279,2005,,5.537999999999999
3281,2008,,5.537000000000001
3282,1995,,5.5360000000000005
3283,1969,,5.5360000000000005
3284,1996,,5.535
3285,1987,,5.5329999999999995
3286,1986,,5.531000000000001
3287,1998,,5.53
3288,1998,,5.53
3289,1977,,5.529
3290,1993,,5.529
3291,1937,,5.525
3293,1965,,5.523
3294,1970,bossa nova,5.522
3295,1964,,5.522
3296,2011,,5.521
3297,1942,,5.521
3298,1995,,5.521
3299,1966,,5.52
3300,1973,,5.52
3301,2007,,5.519
3302,2008,,5.519
3303,1994,,5.518
3304,1989,,5.518
3305,1990,,5.518
3306,1989,alternative rock,5.518
3307,1939,,5.517
3308,1969,,5.517
3309,1962,,5.516
3310,2001,,5.516
3311,1998,,5.513999999999999
3313,1967,,5.513
3314,1973,,5.5089999999999995
3315,1996,,5.5089999999999995
3316,1988,,5.507000000000001
3317,1964,,5.507000000000001
3318,1960,,5.506
3319,1957,,5.506
3320,1979,,5.505
3321,1937,,5.505
3322,1987,,5.504
3323,1993,,5.502999999999999
3324,1981,,5.501
3325,1988,,5.501
3326,2006,,5.499
3327,1979,,5.499
3328,1997,,5.497999999999999
3329,1978,,5.496
3330,2008,,5.495
3331,1951,,5.494
3332,1973,,5.492000000000001
3333,1984,,5.4910000000000005
3334,1967,,5.49
3335,1975,,5.489
3336,1961,,5.489
3337,1992,,5.489
3338,1987,,5.4879999999999995
3339,1966,,5.487
3340,1981,,5.482
3341,2006,,5.481
3342,2008,,5.481
3343,1967,,5.481
3344,2004,,5.477
3345,1966,,5.477
3347,1968,,5.473
3348,1987,,5.473
3349,1966,,5.468999999999999
3350,1941,,5.468
3351,1976,,5.468
3352,1988,,5.465
3354,1964,,5.4639999999999995
3355,2000,,5.462999999999999
3356,1994,,5.462999999999999
3357,1959,,5.462000000000001
3359,1969,,5.462000000000001
3360,1974,,5.461
3361,1968,,5.461
3362,1978,,5.46
3363,1967,,5.46
3364,1984,,5.459
3365,1990,downtempo,5.459
3366,1981,,5.457999999999999
3368,1970,,5.457999999999999
3369,2004,,5.454
3370,1960,,5.454
3371,1998,,5.452000000000001
3372,1963,,5.4510000000000005
3374,1974,,5.45
3375,2007,,5.45
3377,1967,,5.447
3378,1966,,5.446000000000001
3380,1969,,5.445
3381,1988,,5.445
3382,1909,,5.444
3383,1962,,5.443
3384,2002,,5.443
3385,1989,,5.442
3386,1925,,5.442
3388,1984,,5.441
3389,1991,lovers rock,5.44
3390,1975,,5.439
3391,1971,,5.438
3392,1969,,5.438
3393,2000,,5.438
3394,2003,,5.437
3395,2005,,5.437
3396,1957,jazz fusion,5.437
3397,2001,,5.437
3398,1995,,5.436
3399,1978,,5.434
3400,1985,,5.434
3401,1990,,5.433
3402,1974,hard house,5.43
3403,1985,,5.428999999999999
3404,1965,,5.428
3405,1973,,5.4270000000000005
3406,1976,,5.4270000000000005
3407,1964,,5.4270000000000005
3408,1974,,5.426
3409,1970,,5.426
3412,1992,alternative metal,5.422999999999999
3413,1973,,5.422000000000001
3414,1948,,5.42
3415,1963,,5.42
3416,1940,,5.42
3417,1965,,5.419
3418,2007,,5.419
3419,1968,,5.417999999999999
3420,1985,,5.415
3421,2010,,5.412999999999999
3422,1989,,5.41
3423,1986,,5.409
3424,1989,,5.409
3425,1979,,5.407
3426,1992,,5.407
3427,1991,,5.404
3428,2001,,5.402
3429,1973,,5.401
3430,1991,,5.4
3431,2000,,5.399
3432,1963,,5.399
3433,1987,,5.399
3434,1992,,5.397
3435,1981,,5.397
3436,2002,,5.396
3437,1972,,5.396
3438,1969,,5.394
3439,1985,,5.393
3440,1968,,5.393
3442,2001,hip hop,5.391
3443,1967,,5.391
3445,1971,,5.388999999999999
3446,1958,,5.385
3447,1972,,5.385
3448,2006,,5.3839999999999995
3449,1944,,5.382999999999999
3450,1967,art rock,5.38
3451,2001,,5.379
3452,2007,,5.379
3453,1942,,5.377000000000001
3454,1978,,5.375
3455,1964,,5.375
3456,1984,pop rap,5.375
3458,1995,,5.371
3459,2008,,5.371
3460,1973,,5.37
3461,1969,,5.369
3463,1950,,5.367999999999999
3464,1986,,5.367999999999999
3465,1990,,5.3660000000000005
3466,2003,,5.362
3467,1993,,5.362
3468,1987,,5.361000000000001
3469,2006,piedmont blues,5.359
3470,1964,,5.358
3471,1984,chanson,5.356
3473,2004,,5.355
3474,1972,,5.354
3475,1990,,5.354
3476,1960,,5.353
3477,1986,,5.353
3478,2013,,5.352
3479,1961,,5.352
3480,1977,chanson,5.351
3481,1998,,5.351
3482,2003,,5.346
3483,2006,,5.346
3484,1964,,5.345
3485,1991,,5.345
3486,1985,,5.345
3487,2001,,5.345
3488,1970,,5.343
3489,1923,,5.34
3490,2005,,5.337000000000001
3491,1983,,5.335
3492,2011,,5.335
3493,1974,,5.334
3494,1995,,5.334
3495,2003,,5.332000000000001
3496,1958,,5.331
3497,1997,,5.33
3498,1979,,5.327999999999999
3499,1989,,5.327000000000001
3500,1971,,5.327000000000001
3501,1995,,5.327000000000001
3502,1997,,5.327000000000001
3503,1970,,5.327000000000001
3505,1954,,5.325
3506,1974,,5.3229999999999995
3507,1998,,5.322
3508,1967,,5.321000000000001
3509,1980,,5.321000000000001
3510,1985,,5.321000000000001
3511,1976,classic country,5.321000000000001
3512,2003,rock,5.32
3513,1956,,5.319
3514,1976,,5.319
3515,1967,,5.318
3517,1986,,5.317
3518,1989,,5.316
3519,1980,,5.316
3520,1993,,5.316
3521,1925,,5.314
3522,1997,,5.311
3525,1988,,5.306
3526,2003,,5.305
3527,1999,,5.305
3528,1963,,5.303
3529,1992,,5.303
3530,2006,rock,5.3020000000000005
3531,1965,,5.3020000000000005
3534,1981,,5.297000000000001
3535,1956,,5.296
3537,1972,,5.292000000000001
3538,1997,,5.292000000000001
3539,1971,,5.29
3540,1980,,5.29
3542,1980,,5.287000000000001
3543,1976,,5.2860000000000005
3544,1935,,5.2860000000000005
3545,1999,,5.282
3546,1921,,5.28
3547,1992,,5.28
3548,2014,,5.28
3549,1958,,5.278
3550,1987,,5.278
3551,1950,,5.276
3552,1975,,5.276
3553,1982,,5.276
3554,1967,,5.275
3555,1992,,5.274
3556,1986,,5.274
3557,1991,,5.273
3558,1987,,5.273
3559,1995,,5.273
3560,1995,,5.273
3561,2005,,5.273
3562,1974,,5.272
3563,1936,samba,5.272
3564,1957,,5.271
3565,1971,vocal jazz,5.268
3566,1990,,5.267
3568,1960,,5.266
3570,1927,,5.263999999999999
3571,1942,,5.263999999999999
3572,1964,,5.2620000000000005
3573,1997,,5.2620000000000005
3574,1997,,5.261
3575,1961,,5.26
3577,1983,,5.2589999999999995
3578,1943,,5.257999999999999
3580,1991,,5.256
3582,1986,,5.255
3583,1984,,5.255
3584,1985,,5.252999999999999
3585,1964,,5.252999999999999
3586,1991,,5.252999999999999
3587,1966,,5.252000000000001
3588,2007,,5.252000000000001
3590,1948,,5.252000000000001
3591,1939,,5.25
3592,1968,,5.247999999999999
3593,1967,,5.247999999999999
3594,1951,cool jazz,5.247999999999999
3595,2004,,5.246
3596,1984,,5.246
3597,1978,,5.246
3598,1934,easy listening,5.245
3599,1989,irish folk,5.244
3600,2003,,5.242999999999999
3601,1962,,5.242000000000001
3602,2005,,5.2410000000000005
3603,2012,,5.2410000000000005
3605,1974,,5.2410000000000005
3606,1992,,5.2410000000000005
3607,1977,,5.2379999999999995
3608,1996,,5.237
3609,1994,,5.237
3610,1999,,5.236000000000001
3611,1963,vocal jazz,5.236000000000001
3612,1990,,5.235
3613,2009,,5.234
3615,2000,,5.233
3616,1970,,5.232
3617,1977,,5.231
3618,1974,,5.229
3619,1939,,5.228
3620,2007,,5.227
3621,2011,,5.226
3622,1975,,5.224
3623,1967,,5.224
3624,1996,,5.223
3625,2002,,5.223
3626,1984,,5.223
3627,2002,alternative rock,5.221
3628,1987,,5.221
3629,1989,,5.22
3630,1982,,5.215
3631,1969,,5.2139999999999995
3632,2010,,5.2139999999999995
3633,1965,,5.212999999999999
3634,2000,,5.212999999999999
3635,1980,,5.212000000000001
3636,1966,,5.212000000000001
3637,2003,,5.212000000000001
3638,1980,,5.212000000000001
3639,1971,,5.211
3640,2008,,5.21
3641,1987,,5.207999999999999
3642,1989,,5.207000000000001
3643,2003,,5.207000000000001
3644,1991,,5.204
3646,1999,,5.202999999999999
3647,2004,,5.2
3648,2000,,5.199
3649,1939,,5.199
3650,1991,,5.197
3651,1960,,5.194
3652,1937,,5.193
3653,1985,,5.193
3654,1951,,5.19
3656,2005,,5.188
3657,1962,,5.188
3658,1965,,5.188
3660,1983,,5.184
3661,1977,,5.183
3662,1962,,5.182
3663,1984,chinese music,5.182
3664,2012,,5.181
3665,1970,,5.181
3667,1981,,5.18
3668,1975,,5.18
3669,1976,,5.18
3670,1967,,5.18
3671,1951,,5.18
3672,1991,,5.178999999999999
3673,1955,,5.1770000000000005
3674,1986,,5.176
3675,1994,,5.176
3676,1960,,5.172000000000001
3677,1982,,5.171
3678,2008,,5.169
3679,1951,,5.167999999999999
3680,1993,,5.167000000000001
3681,1965,,5.166
3682,1979,,5.165
3683,1965,,5.162999999999999
3685,1971,,5.162999999999999
3686,1970,,5.162000000000001
3687,1974,,5.159
3688,2003,,5.157
3690,1982,country gospel,5.155
3691,1981,,5.155
3692,1972,,5.154
3693,1979,,5.154
3694,1944,,5.153
3695,1947,,5.151
3696,1983,,5.151
3697,2010,,5.15
3698,1913,,5.15
3699,1961,,5.15
3700,1968,blues,5.15
3701,1974,,5.149
3702,2000,,5.148
3703,1969,,5.148
3704,2001,,5.147
3705,1974,,5.147
3706,1976,,5.145
3707,1991,,5.145
3708,1992,,5.144
3709,2007,,5.143
3710,1943,,5.142
3711,2002,,5.142
3712,1935,,5.142
3713,1987,,5.141
3714,1989,,5.141
3715,1931,german pop,5.138999999999999
3717,1982,,5.136
3718,1971,,5.135
3719,2012,,5.1339999999999995
3720,1997,,5.1339999999999995
3721,1967,world beat,5.132000000000001
3722,1945,,5.129
3723,1979,,5.127999999999999
3724,1980,,5.126
3725,1968,,5.126
3726,1961,,5.126
3727,1989,,5.125
3728,1944,,5.122000000000001
3729,2004,,5.122000000000001
3731,1978,,5.119
3732,1982,british pop,5.118
3734,2002,,5.117
3736,1971,,5.114
3738,2009,,5.112
3739,1996,,5.111000000000001
3740,1918,,5.11
3741,1976,,5.109
3742,1970,,5.1080000000000005
3743,1981,,5.1080000000000005
3744,1980,,5.1080000000000005
3746,1971,,5.107
3747,2005,,5.104
3748,2001,,5.104
3749,2012,,5.103
3750,1972,,5.103
3751,1979,,5.103
3752,1971,,5.102
3753,1984,,5.099
3754,1967,,5.098
3755,2011,,5.0969999999999995
3756,1995,,5.096
3757,1940,,5.095
3758,1986,,5.095
3759,1995,,5.095
3760,1986,,5.093
3761,1972,,5.091
3762,1974,,5.09
3763,2010,,5.0889999999999995
3765,2004,,5.087
3766,1945,,5.086
3767,1968,,5.085
3768,1984,,5.085
3769,1946,,5.083
3770,2000,,5.082
3771,1920,,5.082
3772,1969,,5.081
3773,1967,,5.078
3774,2001,teen pop,5.078
3775,2004,,5.078
3776,2008,,5.078
3778,1973,,5.077
3779,2003,,5.077
3780,1966,,5.077
3781,2012,,5.074
3782,1980,,5.073
3784,1972,,5.072
3786,1964,,5.07
3787,1963,,5.07
3788,2009,,5.069
3789,1980,,5.067
3791,1979,,5.066
3792,1968,,5.066
3793,1993,,5.065
3794,1988,,5.065
3795,1971,,5.063
3796,1993,,5.063
3797,2005,neo soul,5.062
3799,2003,,5.06
3800,1976,,5.058
3801,1966,,5.058
3802,1983,,5.056
3804,1965,,5.053999999999999
3805,1983,,5.052
3806,2003,,5.051
3807,2004,,5.045
3808,2012,,5.044
3809,1983,,5.043
3810,2012,,5.043
3811,1997,,5.041
3812,1989,,5.041
3813,2000,,5.041
3814,1978,,5.041
3816,1971,,5.039
3818,2010,,5.038
3819,1988,,5.0360000000000005
3820,2004,,5.035
3821,1976,,5.034
3822,1987,,5.033
3823,1972,,5.032
3824,1921,,5.031000000000001
3825,1930,post-grunge,5.03
3826,1983,,5.03
3828,1973,,5.0280000000000005
3829,1971,,5.0280000000000005
3830,1927,,5.026
3833,1966,,5.025
3835,1959,,5.02
3836,1973,,5.02
3837,1969,,5.018
3838,2005,,5.0169999999999995
3839,2012,,5.0169999999999995
3840,1971,,5.016
3841,2006,,5.015
3842,1973,swedish,5.015
3843,1978,,5.013999999999999
3844,1976,,5.013
3845,1975,,5.011
3846,1958,,5.01
3847,2005,,5.007
3849,1928,,5.007
3850,1986,,5.006
3852,1977,,5.002
3853,1971,,5.0
3854,1978,,5.0
3855,1945,,5.0
3856,2007,,4.998
3857,1981,,4.998
3858,1962,,4.998
3859,1996,,4.995
3860,1927,,4.992
3861,2000,,4.992
3862,1992,,4.9910000000000005
3863,2002,,4.99
3864,1968,,4.989
3865,1975,,4.988
3867,1960,,4.9830000000000005
3868,1985,,4.978
3869,1989,,4.978
3871,1971,,4.974
3873,1984,,4.973
3874,1973,,4.9719999999999995
3875,1987,,4.97
3877,2008,,4.97
3878,1979,,4.968999999999999
3879,1981,,4.968
3881,1989,,4.966
3882,1976,,4.966
3883,2007,vocal jazz,4.963
3884,1958,,4.963
3885,1986,,4.962
3886,1967,,4.962
3887,1985,,4.962
3888,1977,,4.961
3889,1995,,4.959
3890,1970,,4.959
3891,1961,,4.959
3892,2002,,4.955
3893,1988,,4.953
3894,1998,,4.952
3895,1979,,4.9510000000000005
3897,2001,,4.949
3898,1967,celtic,4.949
3902,1988,,4.944
3903,1967,,4.942
3904,1993,,4.942
3905,1980,,4.942
3907,1976,,4.94
3908,1973,,4.939
3909,1973,,4.937
3910,1986,,4.935
3911,1978,,4.934
3912,1972,,4.934
3913,1996,,4.934
3914,1963,,4.933
3915,1990,,4.9319999999999995
3916,1970,,4.9319999999999995
3917,1977,,4.928999999999999
3918,2000,,4.926
3919,1962,,4.926
3920,1966,,4.926
3921,1966,,4.926
3922,1986,,4.925
3923,1965,,4.9239999999999995
3924,2007,,4.923
3925,1967,,4.923
3927,1991,,4.922
3928,2007,,4.922
3929,1990,,4.921
3930,2009,blue-eyed soul,4.921
3931,1997,religious music,4.921
3932,1967,,4.918
3933,1968,,4.918
3934,1971,,4.918
3935,1939,,4.917
3936,1996,,4.917
3937,1972,country rock,4.916
3938,2013,,4.916
3939,1984,,4.916
3940,1991,,4.916
3941,1986,blue-eyed soul,4.915
3942,1942,,4.915
3943,1983,,4.912
3944,1974,,4.912
3945,1965,,4.91
3946,1992,,4.91
3947,1996,,4.908
3948,1981,,4.907
3949,2005,,4.907
3951,1986,,4.905
3952,1997,,4.905
3954,1964,,4.9030000000000005
3955,1999,,4.9030000000000005
3956,2002,,4.902
3958,1958,,4.901
3959,1981,,4.901
3960,1953,,4.9
3962,2014,piano blues,4.897
3963,1977,,4.897
3964,1980,,4.896
3965,1940,,4.895
3967,1984,,4.894
3968,1995,,4.893
3969,1947,,4.893
3970,1968,,4.8919999999999995
3971,1982,,4.891
3972,1998,,4.888999999999999
3974,2000,,4.888
3975,1984,ska punk,4.888
3976,1998,,4.888
3977,2003,,4.887
3978,1963,,4.886
3979,1975,,4.885
3981,1984,,4.8839999999999995
3982,2006,,4.879
3983,1953,,4.879
3984,1951,,4.877
3987,1996,,4.875
3988,1959,,4.874
3989,2007,,4.873
3990,1997,,4.872
3991,1997,country rock,4.871
3992,1975,,4.869
3993,1964,,4.869
3994,1963,,4.867
3996,1957,,4.867
3997,1995,,4.8660000000000005
3999,1969,,4.863
4000,2011,,4.861000000000001
4001,1979,,4.861000000000001
4002,2006,,4.86
4003,1982,,4.86
4004,2008,,4.859
4005,2013,,4.8580000000000005
4006,1978,,4.857
4007,1972,,4.855
4008,1944,,4.855
4009,1950,,4.853
4010,1935,,4.852
4011,1988,,4.852
4012,1957,,4.85
4013,1980,,4.848
4014,1996,,4.848
4015,2002,grime,4.8469999999999995
4017,1973,,4.846
4018,2009,,4.846
4019,1980,,4.843999999999999
4020,1970,,4.843999999999999
4021,2009,,4.843999999999999
4022,1991,,4.843
4023,1973,,4.842
4024,1944,,4.841
4025,1966,hip hop,4.84
4026,2012,math rock,4.84
4027,1969,,4.8389999999999995
4028,1952,,4.836
4029,1985,,4.835
4030,1934,,4.835
4031,1980,,4.834
4032,1974,,4.833
4033,1949,,4.833
4034,1996,,4.833
4035,1958,,4.832
4036,1983,,4.832
4037,1969,,4.831
4038,1998,,4.831
4039,1987,,4.831
4040,2002,,4.83
4041,1960,,4.83
4042,1973,,4.83
4043,1994,,4.8260000000000005
4044,1960,,4.825
4045,2003,,4.824
4046,1992,,4.823
4048,1960,,4.822
4049,1982,,4.822
4050,1990,,4.821000000000001
4051,1997,,4.821000000000001
4052,1969,chicago blues,4.8180000000000005
4054,2005,,4.816
4055,1957,,4.815
4056,2001,teen pop,4.814
4057,1979,,4.814
4058,1973,,4.813
4059,1968,latin jazz,4.812
4060,1966,,4.812
4061,2007,,4.81
4062,1995,dance pop,4.809
4063,2006,,4.808
4064,1932,,4.8069999999999995
4065,2009,,4.8069999999999995
4066,1964,europop,4.8069999999999995
4067,1967,,4.806
4068,1973,,4.806
4069,1991,,4.806
4070,1999,,4.806
4071,1949,,4.806
4072,1973,,4.803
4074,1997,,4.801
4075,1988,,4.8
4076,1980,,4.797
4077,1983,,4.796
4078,1984,,4.793
4079,1995,,4.793
4080,1980,jazz funk,4.792
4081,1993,,4.792
4082,1976,,4.791
4083,1957,,4.791
4084,1985,,4.79
4085,1957,,4.79
4087,1968,,4.788
4089,1992,,4.7860000000000005
4090,1929,,4.785
4091,1985,,4.782
4092,1952,,4.779
4093,1982,,4.7780000000000005
4094,2013,,4.777
4095,1961,,4.777
4096,2012,,4.776
4098,1958,,4.772
4099,1985,,4.772
4100,1953,,4.771
4101,1947,,4.771
4102,1960,,4.771
4103,1998,,4.77
4104,2009,,4.77
4105,1980,,4.769
4106,1992,,4.768
4107,1993,,4.768
4108,2010,,4.768
4109,1941,,4.7669999999999995
4110,1975,,4.766
4111,1938,,4.766
4112,2012,ska punk,4.765
4113,1991,,4.765
4114,1982,,4.763999999999999
4115,1968,,4.763999999999999
4116,1998,,4.763
4117,1988,,4.761
4118,1980,,4.76
4119,2009,,4.76
4120,1994,,4.76
4121,1926,cabaret,4.76
4122,1929,,4.7589999999999995
4124,1958,,4.758
4125,1970,,4.758
4128,1997,,4.757
4129,1964,,4.755
4130,1960,,4.754
4131,2005,blues-rock,4.754
4132,2003,,4.753
4134,1990,,4.752
4135,1986,,4.751
4136,1992,,4.75
4137,1981,,4.749
4138,1988,,4.749
4139,1999,,4.749
4141,1920,,4.746
4142,1978,,4.746
4143,1948,,4.743
4144,1935,,4.74
4145,1947,,4.74
4148,1961,,4.738
4150,1977,,4.738
4151,1977,,4.737
4152,1975,,4.736000000000001
4153,1997,,4.734
4154,1996,,4.734
4155,1977,,4.7330000000000005
4156,1985,,4.7330000000000005
4157,1954,,4.7330000000000005
4158,1985,progressive house,4.732
4159,1980,,4.732
4160,1977,,4.732
4161,1963,,4.732
4162,2003,,4.731
4163,1982,,4.729
4164,1955,doo-wop,4.728
4165,2003,,4.727
4166,1999,,4.726
4167,1952,,4.725
4168,2003,,4.723
4169,1987,,4.723
4170,2007,teen pop,4.7219999999999995
4171,2010,,4.721
4172,1993,,4.72
4173,1922,,4.72
4175,1955,,4.716
4176,1997,,4.716
4177,1969,,4.715
4178,1958,,4.7139999999999995
4179,1972,,4.712
4180,1977,,4.71
4181,1979,,4.709
4182,2002,,4.707
4183,1999,,4.707
4184,2003,,4.706
4186,1977,,4.706
4187,1997,,4.703
4188,1983,,4.703
4189,1975,,4.703
4190,1972,,4.702
4191,1928,,4.7010000000000005
4193,1958,,4.7
4194,1967,,4.7
4196,1965,,4.699
4197,1940,tech house,4.699
4198,1994,,4.696000000000001
4200,1990,,4.696000000000001
4201,2003,,4.696000000000001
4203,1932,,4.6930000000000005
4204,2002,,4.692
4206,1965,,4.692
4207,2013,,4.689
4208,1981,,4.688
4209,1999,,4.687
4210,1985,,4.687
4211,1962,,4.687
4213,1974,,4.683
4215,1980,,4.6819999999999995
4216,1975,,4.6819999999999995
4217,2010,,4.681
4218,1995,,4.68
4219,1928,,4.68
4221,1992,,4.678999999999999
4222,1985,,4.678999999999999
4223,1973,,4.678
4224,1992,,4.678
4225,1979,,4.678
4226,1985,,4.677
4227,1975,,4.676
4228,2009,,4.676
4229,1963,,4.676
4230,2003,,4.676
4231,1958,instrumental pop,4.675
4232,1964,,4.675
4233,2002,,4.6739999999999995
4234,1967,,4.6739999999999995
4235,1990,,4.6739999999999995
4236,1993,,4.673
4237,1996,,4.67
4239,1976,,4.669
4240,1939,,4.669
4241,1972,,4.669
4242,1989,,4.669
4243,2010,bossa nova,4.669
4244,2004,,4.668
4245,1972,samba,4.667
4247,1993,,4.666
4248,1987,,4.664
4249,1978,,4.664
4250,1926,,4.663
4251,1949,,4.663
4252,1973,,4.663
4253,1975,,4.6610000000000005
4254,1980,,4.6610000000000005
4255,1969,,4.659
4256,1976,,4.659
4257,2002,,4.659
4258,1989,,4.657
4259,1970,,4.656000000000001
4260,1992,,4.656000000000001
4261,1994,,4.654
4262,1938,,4.6530000000000005
4263,1958,,4.6530000000000005
4265,1989,,4.651
4266,1956,,4.65
4267,1983,,4.65
4268,1972,,4.649
4269,2004,,4.647
4270,1960,,4.647
4271,1945,,4.646
4272,1975,,4.646
4273,1962,,4.646
4276,1989,,4.6419999999999995
4277,1987,,4.6419999999999995
4278,1993,,4.641
4279,1989,,4.64
4280,1972,,4.64
4281,1988,,4.64
4282,1983,,4.638999999999999
4283,1997,,4.637
4284,1965,,4.637
4285,1994,,4.635
4286,1940,,4.635
4287,1998,,4.635
4288,1967,,4.635
4289,1987,,4.6339999999999995
4290,1983,,4.6339999999999995
4291,1986,,4.6339999999999995
4292,2009,,4.6339999999999995
4293,1990,,4.633
4294,1974,,4.631
4295,1962,,4.631
4296,1962,,4.631
4297,1995,,4.631
4298,1974,,4.63
4299,1978,,4.627
4300,1986,,4.626
4301,2003,,4.626
4302,1978,,4.626
4303,1970,,4.626
4304,2001,,4.625
4305,1973,,4.623
4306,1984,,4.622
4307,1971,,4.622
4308,1993,,4.621
4309,1932,,4.62
4310,1970,,4.618
4312,1964,,4.617
4313,1966,,4.6160000000000005
4314,2001,,4.6160000000000005
4315,2010,,4.6160000000000005
4316,1981,,4.6160000000000005
4317,1951,,4.6160000000000005
4318,1972,,4.615
4320,2010,,4.615
4321,2000,,4.611000000000001
4322,1984,,4.611000000000001
4323,1956,,4.609
4324,1952,,4.6080000000000005
4325,1981,,4.607
4326,1977,,4.607
4327,1953,freakbeat,4.606
4328,1943,,4.606
4329,1990,,4.605
4330,2010,,4.605
4331,1964,,4.605
4332,1969,,4.603
4334,1999,,4.601
4335,1970,,4.599
4336,1947,,4.599
4337,2003,,4.598
4338,1977,,4.598
4339,1976,,4.598
4340,2000,,4.5969999999999995
4342,2010,,4.593999999999999
4343,1958,,4.593
4345,1936,,4.592
4346,1998,,4.592
4347,1960,,4.592
4348,1963,,4.592
4349,1965,,4.592
4350,1954,,4.591
4351,1975,,4.5889999999999995
4352,1975,,4.5889999999999995
4353,1983,,4.588
4354,1978,,4.588
4355,1955,,4.587
4356,2009,,4.586
4357,2012,,4.586
4358,1966,,4.585
4359,1992,happy hardcore,4.585
4361,1958,,4.583
4363,1963,,4.581
4364,1954,,4.58
4365,1989,,4.578
4366,1999,,4.578
4367,1995,,4.578
4368,1971,,4.575
4369,1993,,4.574
4370,1935,,4.574
4371,1998,,4.574
4373,1969,,4.572
4374,2008,,4.572
4375,1951,,4.571000000000001
4376,1968,,4.57
4377,1979,,4.57
4378,1966,,4.567
4379,1996,,4.567
4380,1949,,4.566
4381,1997,,4.564
4382,1926,,4.564
4383,1992,,4.563
4385,1976,,4.561
4387,1981,,4.561
4388,1974,,4.56
4389,1992,,4.559
4390,1989,,4.559
4391,1962,,4.556
4392,1969,,4.556
4393,2001,,4.555
4394,1958,,4.553999999999999
4395,1994,,4.553999999999999
4396,1973,,4.553999999999999
4397,1956,,4.553
4399,1952,,4.551
4400,1982,,4.55
4401,1978,,4.5489999999999995
4402,1988,,4.548
4403,2002,,4.546
4405,2005,hip hop,4.545
4406,1990,,4.545
4407,2006,samba,4.545
4408,1963,all-female,4.544
4409,1961,,4.543
4410,2002,,4.543
4411,1995,,4.542
4412,1974,,4.542
4414,1976,,4.541
4415,1990,,4.54
4417,1991,,4.539
4418,1980,,4.538
4420,1994,,4.537
4421,1969,,4.5360000000000005
4422,2006,,4.535
4423,1974,,4.535
4424,2003,,4.535
4425,1987,,4.534
4426,1962,,4.534
4427,1975,,4.533
4428,1975,,4.533
4430,1994,,4.532
4431,1999,,4.532
4433,1951,,4.529
4434,1981,,4.5280000000000005
4435,1957,,4.5280000000000005
4436,1965,,4.527
4437,2004,,4.526
4438,1971,,4.525
4439,1977,,4.524
4440,2004,,4.524
4441,1953,,4.522
4443,1976,blues-rock,4.521
4444,1993,,4.521
4445,1950,,4.52
4446,1976,,4.52
4447,1993,,4.519
4449,1986,,4.5169999999999995
4451,1990,,4.516
4452,2004,,4.515
4453,1937,,4.513999999999999
4454,1985,,4.513999999999999
4455,1982,,4.511
4456,2014,,4.511
4457,1980,,4.51
4458,1947,,4.5089999999999995
4460,1992,,4.508
4461,1964,,4.508
4462,2009,,4.508
4463,1997,,4.508
4464,1995,,4.507
4465,1927,orchestra,4.507
4466,1997,,4.506
4467,1972,,4.506
4468,1955,,4.505
4469,1979,,4.505
4470,1974,,4.504
4471,1997,,4.503
4472,2007,,4.502
4473,1960,,4.502
4474,2012,,4.5
4475,1966,,4.5
4476,2000,,4.5
4477,1979,,4.5
4478,2000,,4.499
4479,1977,,4.499
4480,1949,,4.499
4481,2007,,4.498
4482,1997,,4.494
4483,1992,,4.493
4484,2008,,4.493
4485,1975,,4.492
4486,1982,,4.492
4487,2009,,4.4910000000000005
4488,1975,,4.489
4490,1996,,4.488
4491,1937,,4.487
4492,1966,,4.487
4493,1978,,4.486000000000001
4495,1955,,4.485
4496,2008,,4.485
4497,1945,,4.484
4498,1959,,4.4830000000000005
4499,1971,,4.482
4500,1931,,4.481
4501,1997,,4.481
4503,1963,,4.479
4504,1972,,4.478
4505,2003,,4.478
4506,1981,,4.478
4507,1987,,4.476
4508,1941,,4.475
4509,1970,,4.474
4510,1978,,4.4719999999999995
4511,1987,,4.471
4512,2005,,4.471
4513,1992,,4.468
4514,1965,,4.468
4515,1959,,4.467
4516,2012,,4.467
4518,1976,,4.466
4520,1981,,4.465
4522,2001,,4.463
4523,2000,,4.463
4524,2003,,4.461
4525,1994,,4.459
4526,1978,,4.459
4527,1983,,4.459
4529,1981,,4.458
4530,1991,,4.458
4531,1965,,4.457
4532,1978,,4.456
4533,2013,,4.455
4534,1986,,4.455
4535,1955,,4.454
4536,1975,,4.453
4537,2010,,4.45
4538,1966,,4.45
4539,1950,,4.45
4540,1969,,4.448
4541,1992,,4.448
4542,1921,,4.448
4543,2009,,4.447
4544,1963,,4.447
4545,1930,,4.445
4546,1981,,4.445
4547,1979,dancehall,4.444
4548,1941,,4.4430000000000005
4550,1954,,4.4430000000000005
4551,1974,instrumental pop,4.442
4554,1941,,4.441
4556,1967,,4.437
4557,1957,,4.436
4558,1978,,4.436
4559,1966,,4.436
4560,1980,,4.434
4561,1996,,4.433
4562,1971,,4.4319999999999995
4563,1965,,4.4319999999999995
4564,1997,,4.431
4565,1969,,4.431
4566,1975,,4.43
4567,1977,,4.428999999999999
4568,1987,,4.428999999999999
4569,1989,,4.428999999999999
4570,1972,,4.428
4571,1979,,4.427
4572,1991,,4.426
4573,1997,,4.426
4574,1990,,4.426
4575,2007,,4.426
4576,1983,,4.4239999999999995
4577,1985,,4.423
4578,2012,,4.423
4579,1995,,4.422
4580,1994,,4.421
4581,1995,,4.42
4582,1992,,4.419
4583,1974,,4.419
4584,1976,,4.417
4585,1979,,4.416
4586,1954,,4.416
4588,1971,,4.412
4589,1955,instrumental pop,4.412
4590,1997,,4.4110000000000005
4591,1990,,4.409
4593,1965,,4.409
4594,1981,,4.409
4596,1986,,4.4030000000000005
4597,1963,,4.4030000000000005
4598,2003,,4.401
4599,1988,,4.401
4600,1974,,4.4
4601,1986,,4.4
4603,1963,,4.399
4605,1995,,4.398
4606,2000,,4.398
4609,1987,,4.397
4611,1948,,4.396
4612,1937,,4.396
4613,1981,,4.395
4614,1972,,4.394
4615,1984,,4.393
4616,1971,,4.3919999999999995
4618,1950,,4.3919999999999995
4620,2000,hip hop,4.391
4621,1985,,4.391
4622,1926,,4.391
4623,1960,,4.388999999999999
4624,1966,,4.388999999999999
4626,1971,,4.385
4627,1968,,4.385
4628,1972,,4.3839999999999995
4629,1989,,4.3839999999999995
4630,1947,latin jazz,4.3839999999999995
4631,1944,,4.383
4632,1984,,4.383
4633,1992,,4.383
4634,1976,,4.382
4635,1971,,4.381
4636,1978,,4.38
4638,2006,post-grunge,4.375
4639,1988,,4.375
4640,1997,,4.375
4641,1964,,4.375
4642,1957,,4.374
4643,1978,,4.373
4644,1990,,4.373
4645,1977,,4.372
4646,1996,,4.372
4647,1988,,4.372
4648,2002,,4.371
4650,1989,,4.37
4651,1954,,4.37
4652,1988,,4.369
4653,2003,,4.368
4654,1995,,4.3660000000000005
4655,1988,,4.365
4656,1962,,4.364
4657,1995,,4.363
4659,1969,,4.361000000000001
4660,1986,,4.359
4661,1988,,4.359
4662,1983,,4.359
4663,1983,,4.3580000000000005
4664,1996,,4.3580000000000005
4665,1983,,4.357
4666,1997,,4.355
4667,1994,,4.352
4668,1995,,4.352
4669,1979,,4.352
4670,1960,,4.351
4671,1967,,4.35
4672,1970,guitar,4.35
4673,2005,,4.35
4674,1997,,4.349
4675,1989,,4.349
4676,1973,,4.348
4677,1975,,4.348
4678,1991,,4.3469999999999995
4679,1958,,4.345
4681,1942,,4.343
4682,1958,,4.341
4683,1977,,4.34
4685,1996,,4.3389999999999995
4686,2002,,4.336
4687,1976,,4.336
4688,1940,roots reggae,4.336
4689,2003,,4.334
4690,1954,blues-rock,4.334
4691,1951,,4.333
4692,1986,,4.333
4694,1970,,4.332
4695,1962,,4.332
4696,1990,,4.332
4697,1988,future jazz,4.332
4698,1991,,4.331
4699,1981,,4.33
4700,2002,,4.33
4701,1961,,4.33
4702,1990,,4.329
4703,1992,,4.329
4704,1940,blues-rock,4.329
4705,1996,,4.329
4706,2005,,4.328
4707,1968,,4.328
4709,2008,,4.328
4710,1978,,4.328
4712,1992,,4.327
4713,2003,,4.324
4715,2005,,4.323
4716,1993,,4.323
4717,1935,,4.323
4718,1969,,4.322
4719,1943,,4.321000000000001
4720,1967,,4.32
4721,2008,,4.32
4723,1935,,4.3180000000000005
4726,1974,,4.317
4727,1954,,4.316
4728,1995,,4.316
4729,1979,,4.316
4730,1972,,4.315
4731,1988,,4.314
4732,1963,,4.313
4733,1996,,4.313
4734,2000,,4.313
4735,1960,,4.312
4736,1975,,4.312
4738,2012,,4.31
4739,1960,,4.309
4740,2008,,4.308
4741,1968,,4.308
4742,1986,,4.308
4743,2007,,4.308
4744,1976,,4.3069999999999995
4745,1994,,4.3069999999999995
4746,2011,,4.3069999999999995
4747,1979,,4.306
4748,1985,,4.306
4749,2007,,4.303999999999999
4750,1926,,4.303
4751,1974,,4.301
4752,2003,,4.301
4753,1992,,4.3
4754,1982,hard trance,4.298
4756,1994,,4.296
4757,1991,,4.295
4758,1972,,4.295
4759,1978,,4.295
4760,1977,,4.294
4761,1956,,4.294
4762,1967,,4.294
4763,1988,,4.294
4764,1964,,4.293
4767,1994,,4.291
4769,1929,,4.29
4770,2003,indie rock,4.29
4771,1983,brill building pop,4.29
4772,1983,,4.289
4773,2008,,4.287
4774,1958,,4.287
4775,1989,,4.285
4776,1975,,4.284
4777,1995,,4.283
4778,1935,,4.282
4779,2004,,4.282
4780,1954,,4.282
4781,2011,,4.282
4782,1972,,4.281000000000001
4783,1980,,4.281000000000001
4784,1961,,4.281000000000001
4785,1951,,4.279
4786,1951,,4.279
4788,2001,,4.279
4789,1976,,4.279
4790,1961,,4.276
4792,1960,,4.275
4793,1999,,4.274
4794,1973,,4.274
4795,2000,,4.273
4796,2001,,4.273
4797,1982,,4.273
4798,2003,,4.273
4799,1996,,4.272
4801,1964,,4.272
4802,1991,northern soul,4.271
4803,1996,,4.271
4804,1992,,4.271
4805,1958,,4.27
4806,2001,,4.27
4807,1976,country rock,4.27
4808,1993,,4.268
4809,1965,,4.266
4810,1969,,4.263999999999999
4811,1991,,4.263999999999999
4813,1987,,4.263999999999999
4814,1967,,4.263
4815,1998,dance pop,4.262
4816,1966,,4.262
4817,2002,,4.261
4818,1938,,4.261
4819,1984,,4.261
4820,1988,,4.261
4821,2007,,4.261
4822,1969,,4.26
4823,1934,,4.26
4824,1978,,4.2589999999999995
4825,2007,,4.258
4826,1971,,4.258
4827,1956,,4.257
4828,1962,,4.255
4829,1953,,4.255
4830,2002,,4.253
4831,2003,,4.252
4832,2002,,4.252
4833,1949,,4.252
4835,1972,,4.249
4836,1997,,4.248
4837,2007,,4.248
4838,1973,,4.248
4839,1989,,4.247
4840,1968,,4.247
4841,1997,,4.245
4842,1975,,4.245
4843,1982,,4.245
4844,1940,,4.244
4845,1960,,4.243
4846,1966,,4.243
4847,1942,,4.243
4848,1975,,4.242
4849,1970,,4.242
4850,1974,,4.242
4851,1993,,4.242
4852,1955,blues-rock,4.24
4853,1991,,4.239
4854,1994,,4.239
4855,1940,,4.239
4856,1990,,4.238
4857,1968,,4.238
4858,1969,,4.238
4859,1984,,4.235
4860,1982,,4.235
4861,1959,,4.234
4862,2001,,4.234
4863,1975,,4.2330000000000005
4864,1985,,4.232
4865,2005,,4.232
4866,1982,,4.231
4867,2009,,4.229
4868,1972,,4.229
4869,1959,,4.228
4870,1961,,4.227
4872,2006,,4.224
4873,1967,,4.224
4874,2003,,4.223
4875,1937,folk-pop,4.223
4876,1958,,4.2219999999999995
4877,1995,,4.22
4878,1936,,4.218999999999999
4881,1984,,4.217
4882,1938,,4.217
4883,1976,,4.216
4885,1976,,4.215
4886,2004,,4.215
4887,1938,,4.2139999999999995
4888,2006,,4.2139999999999995
4889,1971,,4.212
4891,1979,,4.21
4892,1999,,4.209
4893,2006,,4.209
4896,1962,,4.208
4898,1978,,4.206
4899,1987,,4.206
4900,1987,,4.206
4901,1994,,4.205
4902,2004,,4.205
4903,1943,,4.205
4904,2004,,4.205
4906,1935,,4.204
4907,1998,,4.202
4908,1995,,4.2010000000000005
4909,1991,,4.2
4910,1977,,4.2
4911,1975,,4.2
4912,1963,doo-wop,4.199
4913,1964,,4.198
4915,1995,,4.198
4916,1980,,4.197
4917,1999,,4.197
4918,1977,,4.197
4919,2004,,4.196000000000001
4920,1960,,4.196000000000001
4921,1965,,4.195
4922,1981,,4.194
4923,2009,,4.194
4924,1970,,4.192
4925,1978,,4.192
4926,2003,,4.19
4927,1972,,4.19
4928,1924,,4.189
4929,1995,,4.188
4930,1937,,4.188
4931,1989,,4.186
4932,1974,,4.185
4934,1984,,4.184
4935,1989,,4.184
4936,1921,country rock,4.183
4937,1994,,4.183
4938,1998,,4.183
4940,1950,,4.1819999999999995
4941,1957,,4.181
4942,2003,,4.178999999999999
4943,1994,lullaby,4.178
4944,1947,,4.178
4945,1979,,4.176
4946,1961,,4.176
4947,1978,bluegrass,4.176
4948,1991,,4.1739999999999995
4951,1978,,4.1739999999999995
4952,1974,,4.173
4953,1968,,4.173
4954,1957,,4.173
4955,2012,,4.173
4956,1978,,4.172
4957,1975,,4.171
4958,1995,,4.169
4959,2001,,4.169
4961,1958,,4.167
4962,1973,,4.167
4963,1993,,4.166
4964,1960,,4.166
4965,2004,,4.166
4967,2003,,4.165
4968,1978,,4.164
4969,1974,,4.164
4970,2007,,4.164
4972,2002,,4.164
4973,1997,,4.164
4974,1978,broken beat,4.164
4975,1999,,4.164
4976,1990,,4.164
4977,1975,,4.164
4978,1994,,4.162
4979,1934,,4.162
4980,2003,,4.162
4981,2000,,4.1610000000000005
4982,1968,,4.16
4983,1977,,4.16
4984,1975,,4.159
4985,1969,,4.159
4986,1999,,4.158
4987,1924,,4.158
4988,2006,,4.156000000000001
4989,1997,vocal jazz,4.156000000000001
4990,1993,grunge,4.155
4991,1999,,4.1530000000000005
4992,1987,,4.1530000000000005
4993,1937,,4.151
4994,1999,,4.151
4995,1963,,4.151
4996,2005,,4.15
4997,1925,,4.15
4998,1976,,4.149
5000,1970,,4.149
